,PAI_id,booking_id,str_id,geom_id,ufi,name,location,local_address,street_address,star_rating,review_score,review_score_text,review_count,amount_per_stay,mean_adr_sar,median_adr_sar,revpar,occupancy_rate,number_of_keys,opened_at,str_class,recently_opened,link,parent_chain,returning_aid_share,mall_visitations_pct,business_park_visitations_pct,footfall_score,footfall_score_domestic,footfall_score_international,ranking,ranking_domestic,ranking_international,volatility,quadrant,distance,has_gym,has_wellness_centre,has_event_halls,has_business_centre,has_restaurant,has_pool
3,5,172716.0,12018652,172716,900040280.0,Ramada by Wyndham Hotel Riyadh,Riyadh,King Abdul Aziz Road,"King Abdul Aziz Road, 12443 Riyadh, Saudi Arabia",4.0,7.7,Good,3861,799.73,325.662770247934,240.7104,170.69,52.41274795114647,92.0,2022,Midscale,,https://www.booking.com/hotel/sa/coral-gulf-riyadh.en-gb.html,Wyndham Hotels and Resort,0.1820809248554913,0.2076923076923077,0.04038461538461538,0.07183736526105122,0.06257424062446972,0.09585361759274802,169,190,105,19.30078643459743,Low ADR & Low Occupancy,2823.716,1,1,1,1,1,1
9,11,1616727.0,11703842,1616727,900040280.0,Best Western Plus Fursan,Riyadh,"Exit 12, Eastern Ring Road","Exit 12, Eastern Ring Road, 11421 Riyadh, Saudi Arabia",4.0,8.1,Very good,995,899.7,393.37088,349.344,196.23,49.88495110968733,66.0,2017,Upper Midscale,,https://www.booking.com/hotel/sa/best-western-plus-fursan.en-gb.html,Best Western,0.1337792642140468,0.3294314381270903,0.05183946488294314,0.04395913064850251,0.04297471576446632,0.04012086620782273,269,266,258,34.19016083140353,Low ADR & Low Occupancy,12788.122,1,1,1,1,1,1
11,13,11206034.0,-1,11206034,900040280.0,Samt Inn Hotel,Riyadh,King Fahd Road,"King Fahd Road, 12612 Riyadh, Saudi Arabia",4.0,8.3,Very good,797,799.73,326.0100266666668,320.1216,309.71,95.0,44.0,2009,,,https://www.booking.com/hotel/sa/samt-inn-fndq-smt-n.en-gb.html,,0.1470143613000756,0.3979630328178046,0.07091663523198793,0.1825778589234928,0.170286780926523,0.1990935034413295,54,59,44,17.17822222766191,Low ADR & High Occupancy,838.615,1,1,1,0,0,0
22,24,8153128.0,11680685,8153128,900040280.0,Warwick Riyadh Al Wezarat,"Al Malaz, Riyadh","King Abdul Aziz Road Al Malaz, 11564 Riyadh-Saudi Arabia","King Abdul Aziz Road Al Malaz, 11564 Riyadh-Saudi Arabia, Al Malaz, 11564 Riyadh, Saudi Arabia",4.0,8.8,Fabulous,6471,941.93,478.1818285714286,451.3755,256.6,53.66250402001268,90.0,2022,Upper Upscale,,https://www.booking.com/hotel/sa/warwick-riyadh.en-gb.html,Warwick Hotels and Resorts,0.208780487804878,0.2928015564202335,0.061284046692607,0.07538358905937291,0.07708297980655014,0.05539701191875105,160,148,191,28.11875943038949,Low ADR & Low Occupancy,3362.411000000001,0,0,1,0,1,0
23,25,454888.0,11628501,454888,900040280.0,Dalin Hotel,"Al Olaya, Riyadh",Al Riyadh - General Olaya Street in the back of Jarir book store  ,"Al Riyadh - General Olaya Street in the back of Jarir book store  , Al Olaya, 11564 Riyadh, Saudi Arabia",4.0,6.7,Average,6049,599.8,222.4734857142857,216.4736,127.34,57.23622370528224,90.0,2016,Upper Midscale,,https://www.booking.com/hotel/sa/plaza-inn-business-hotel.en-gb.html,,0.1738382099827883,0.2633390705679862,0.05249569707401033,0.08998981777325234,0.0787374851518751,0.1186839012925969,129,145,82,27.90599533466204,Low ADR & High Occupancy,2071.499,0,0,1,1,1,0
24,26,10007976.0,-1,10007976,900040280.0,Golden Dune Hotel Almalaz,"Al Malaz, Riyadh","7415 Salah Ad Din Al Ayyubi Road 7415 Salah Ad Din Al Ayyubi Rd, 2166, Al Malaz, Riyadh 12831","7415 Salah Ad Din Al Ayyubi Road 7415 Salah Ad Din Al Ayyubi Rd, 2166, Al Malaz, Riyadh 12831, Al Malaz, 12831 Riyadh, Saudi Arabia",4.0,8.1,Very good,1483,549.82,301.5968,212.8832,139.65,46.30485304795042,41.0,2012,,,https://www.booking.com/hotel/sa/golden-dune-almalaz.en-gb.html,,0.151702786377709,0.3390092879256966,0.05263157894736842,0.03282890347951266,0.03406584082810114,0.02215880476750042,328,318,359,22.87348472876774,Low ADR & Low Occupancy,5208.172999999999,1,1,1,1,0,0
25,27,10781173.0,-1,10781173,900040280.0,Vivian Park El Raeid Hotel,Riyadh,شارع عبدالعزيز بن أحمد السديري,"شارع عبدالعزيز بن أحمد السديري, 12355 Riyadh, Saudi Arabia",4.0,9.3,Superb,379,1169.61,911.4559525925928,670.1568,260.48,28.57808156234086,61.0,2023,,,https://www.booking.com/hotel/sa/fndq-fyfyn-brk-lry-d-vivian-park-elraeid.en-gb.html,Vivian Park Hotel & Suites,0.1046511627906977,0.3953488372093023,0.09302325581395349,0.008356448158421403,0.009078567792295945,0.004028873594090985,448,445,445,48.9755133952127,High ADR & Low Occupancy,3839.826,1,1,0,1,1,1
28,31,6780232.0,-1,6780232,900040280.0,Art View Hotel Al Riyadh,Riyadh,King Abdullah Road,"King Abdullah Road, 11564 Riyadh, Saudi Arabia",4.0,7.9,Good,4741,1087.74,586.5088,400.4224,314.92,53.69380519904533,76.0,2020,,,https://www.booking.com/hotel/sa/art-view.en-gb.html,,0.1790073230268511,0.413484971567831,0.06661251015434608,0.08187914750184333,0.08446461903953845,0.05724357898270942,147,133,183,20.1835768339883,Low ADR & Low Occupancy,4537.204999999999,1,1,1,1,1,1
29,33,725110.0,11732988,725110,900040280.0,Haven Plaza,"Al Olaya, Riyadh","شارع العليا العام, مقابل سوق الكمبيوتر، Saudi Arabia","شارع العليا العام, مقابل سوق الكمبيوتر، Saudi Arabia, Al Olaya, 11663 Riyadh, Saudi Arabia",4.0,6.4,Average,1747,494.14,251.3328175824176,247.1296,116.62,46.40016440718876,160.0,2018,Upscale,,https://www.booking.com/hotel/sa/ossuo-uossop-o-osso-o1-ossuo1uuoss.en-gb.html,,0.1775528978840846,0.2444852941176471,0.03308823529411765,0.08124714722095432,0.07152553877481758,0.1054221923787141,150,165,94,19.49642168464659,Low ADR & Low Occupancy,1356.525,0,0,1,0,1,0
30,34,9270084.0,19792834,9270084,900040280.0,Mira Business Hotel,"Al Olaya, Riyadh",Olaya Street,"Olaya Street, Al Olaya, 11721 Riyadh, Saudi Arabia",4.0,8.2,Very good,4940,875.86,796.264822857143,875.768,379.3,47.63437871944983,170.0,2022,Upper Upscale,,https://www.booking.com/hotel/sa/mira-business.en-gb.html,,0.1716842961757526,0.3238405207485761,0.05370219690805533,0.09585337593483374,0.09214322077040557,0.0936713110626154,114,118,112,19.34295620613277,High ADR & Low Occupancy,2368.066,1,1,0,0,1,0
31,35,7617443.0,19307668,7617443,900040280.0,Dara Al Rayan,Riyadh,"Ar Rayyan District, Al Cheickh Abdalla Aba Batin Street","Ar Rayyan District, Al Cheickh Abdalla Aba Batin Street, 14212 Riyadh, Saudi Arabia",4.0,8.7,Fabulous,717,799.73,308.8743658119659,257.1648,134.86,43.66245610544831,51.0,2021,Upper Midscale,,https://www.booking.com/hotel/sa/dara-al-rayan.en-gb.html,Dara,0.2098765432098765,0.3004115226337449,0.02469135802469136,0.01955689758084337,0.02099949092143221,0.01040792345140171,401,394,420,45.22063008532665,Low ADR & Low Occupancy,13756.746,1,1,0,0,0,1
33,37,188090.0,11664121,188090,900040280.0,Continent Al Waha Hotel Riyad,"Al Olaya, Riyadh","Wadialdawasir Street -6, Olaya Main Road ","Wadialdawasir Street -6, Olaya Main Road , Al Olaya, 21211 Riyadh, Saudi Arabia",4.0,7.7,Good,2084,1041.11,592.872,454.7584,257.87,43.49521725854299,95.0,2022,Upper Midscale,,https://www.booking.com/hotel/sa/al-waha-palace.en-gb.html,Cotinent Worldwide,0.1736111111111111,0.2933025404157043,0.03926096997690531,0.03570801587022927,0.03627184795520109,0.02719489676011415,313,308,333,22.03093930272257,Low ADR & Low Occupancy,279.7380000000001,1,1,1,1,1,1
34,38,191611.0,11710476,191611,900040280.0,Executives Hotel - Olaya,"Al Olaya, Riyadh",Olaya Main Road,"Olaya Main Road, Al Olaya, Riyadh, Saudi Arabia",4.0,7.7,Good,3733,1079.64,636.9851076923078,526.8272,369.9,58.07000154239758,178.0,2008,Upper Midscale,,https://www.booking.com/hotel/sa/executives.en-gb.html,Executives Hotel,0.1811691209281571,0.3478841870824053,0.1349665924276169,0.1847196376531723,0.1767775326658748,0.1836494879973141,51,54,47,19.38148197969515,Low ADR & High Occupancy,1708.906,1,1,1,1,1,1
36,40,246437.0,11767774,246437,900040280.0,"Crowne Plaza Riyadh Palace, an IHG Hotel",Riyadh,Ministries Area,"Ministries Area, 11461 Riyadh, Saudi Arabia",5.0,8.0,Very good,835,1119.63,663.2393777777778,458.9504,337.33,50.86093417624368,306.0,1979,Upscale,,https://www.booking.com/hotel/sa/riyadh-palace.en-gb.html,IHG Hotels & Resorts,0.2345579329834477,0.194758064516129,0.0467741935483871,0.2173729854991047,0.1843712879687765,0.3097196575457445,41,48,17,24.69912624880067,Low ADR & Low Occupancy,2147.717,1,1,1,1,1,1
39,43,8561881.0,12824102,8561881,900040280.0,Joudyan Olaya Riyadh By Elaf,"Al Olaya, Riyadh",6341 Olaya,"6341 Olaya, Al Olaya, 12241 Riyadh, Saudi Arabia",4.0,8.2,Very good,3815,1599.47,844.8626235478808,640.2432,339.46,40.17944381320843,276.0,2022,Upper Upscale,,https://www.booking.com/hotel/sa/joudyan-olaya-riyadh.en-gb.html,Elaf Hotels,0.1548311990686845,0.4668218859138533,0.1210710128055879,0.06218180541413574,0.06333785847615815,0.04666778579822058,192,185,224,18.61608376539888,High ADR & Low Occupancy,724.981,1,1,1,1,1,1
40,44,9323509.0,11721909,9323509,,Ramada by Wyndham Riyadh King Fahd Road,Riyadh,King Fahd Road,"King Fahd Road, 12734 Riyadh, Saudi Arabia",5.0,8.2,Very good,2059,1450.17,801.864291868132,887.5584,322.23,40.18455730863722,189.0,2022,Midscale,,https://www.booking.com/hotel/sa/ramada-by-wyndham-riyadh-king-fahd-road.en-gb.html,Wyndham Hotels and Resort,0.1902097902097902,0.3314685314685314,0.05314685314685315,0.04262490783329237,0.04233836755472595,0.03625986234681887,275,272,284,15.41287802776885,High ADR & Low Occupancy,2404.395,1,1,1,1,1,1
42,46,245248.0,12048393,245248,900040280.0,Madareem Hotel,Riyadh,"King Khalid International Airport Road, P.O.Box 103308","King Khalid International Airport Road, P.O.Box 103308, 11695 Riyadh, Saudi Arabia",5.0,8.2,Very good,1917,1262.08,1091.368533333334,846.7232,811.04,74.31448027815695,180.0,2020,Upper Upscale,,https://www.booking.com/hotel/sa/madareem-crown.en-gb.html,,0.1556914393226717,0.3708578143360752,0.07967097532314923,0.3195814753695446,0.323943661971831,0.2460970287057244,21,19,27,20.50791628623611,High ADR & High Occupancy,4067.906,1,1,1,1,1,1
43,47,8987386.0,13842423,8987386,900040280.0,Cantonal Hotel by Warwick,"Al Olaya, Riyadh","Street Number 84 Al Awsat Valley Street, Al Olaya District","Street Number 84 Al Awsat Valley Street, Al Olaya District, Al Olaya, 12214 Riyadh, Saudi Arabia",4.0,9.0,Superb,2853,1949.35,1197.707907936508,831.6604,476.34,39.77058401141935,107.0,2021,Upper Upscale,,https://www.booking.com/hotel/sa/cantonal-by-warwick.en-gb.html,Warwick Hotels and Resorts,0.2013651877133106,0.3503401360544218,0.1054421768707483,0.02212000983111548,0.02239945698286102,0.01712271277488669,391,390,388,32.32608282991846,High ADR & Low Occupancy,218.124,1,1,1,1,1,1
44,48,1535532.0,-1,1535532,900040280.0,Executives Hotel - KAFD,Riyadh,"King Fahd Road, Alaqiq District","King Fahd Road, Alaqiq District, 99999 Riyadh, Saudi Arabia",4.0,8.2,Very good,1856,1152.1,746.185200683761,741.376,570.61,76.47069506528435,110.0,2016,,,https://www.booking.com/hotel/sa/executives-47-kafd.en-gb.html,Executives Hotel,0.1697196261682243,0.3897799328608728,0.164863856769862,0.2123169832519926,0.1954013236042763,0.2419002853785462,42,41,30,18.83546460536805,High ADR & High Occupancy,5299.676,1,1,1,1,1,1
46,50,2051153.0,11657696,2051153,900040280.0,Melissa Hotel Riyadh,Riyadh,"Abu Jafar Al Mansur, Riyadh, Saudi Arabia","Abu Jafar Al Mansur, Riyadh, Saudi Arabia, 11646 Riyadh, Saudi Arabia",4.0,7.8,Good,1368,826.74,402.1904,362.4992,207.38,51.56294370491683,100.0,2016,Upper Midscale,,https://www.booking.com/hotel/sa/melissa-riyadh.en-gb.html,,0.1786666666666667,0.2685185185185185,0.04497354497354497,0.07422492187774306,0.0728830816222637,0.06647641430250126,165,157,158,24.74516868673099,Low ADR & Low Occupancy,4009.122,1,1,1,0,1,1
49,55,1094628.0,11635401,1094628,900040280.0,Millennia Olaya Hotel,"Al Olaya, Riyadh","Olaya Street, Olaya District","Olaya Street, Olaya District, Al Olaya, 86721 Riyadh, Saudi Arabia",4.0,7.5,Good,1140,1213.57,412.4361353846155,403.0976,208.04,50.44256384029975,55.0,2014,Upscale,,https://www.booking.com/hotel/sa/millennia-boutique-hotel-olaya.en-gb.html,,0.1958568738229755,0.2730696798493409,0.08286252354048966,0.03802535023348899,0.03758696758866452,0.0330703374181635,303,300,300,34.12757041904464,Low ADR & Low Occupancy,308.464,1,1,1,1,1,1
53,60,7303321.0,12372812,7303321,900040280.0,Gardino Hotel & Residence,Riyadh,"Takhassusi Street Al Mohammadiyyah, Riyadh 12362","Takhassusi Street Al Mohammadiyyah, Riyadh 12362, 12362 Riyadh, Saudi Arabia",4.0,8.3,Very good,2950,1667.45,828.1329142857145,559.6224,403.9,48.77230763160885,98.0,2021,Upper Upscale,,https://www.booking.com/hotel/sa/gardino-riyadh12.en-gb.html,,0.1685678073510773,0.5265822784810127,0.09873417721518987,0.06032091569818476,0.06422874596979468,0.03424542554977338,201,180,295,34.56377519986539,Low ADR & Low Occupancy,2076.428,1,1,1,1,1,1
55,62,10515747.0,-1,10515747,900040280.0,بوابة النخيل للشقق الفندقية,Riyadh,Prince Abdulaziz Ibn Thunayyan Street 8072 حي النخيل 4992,"Prince Abdulaziz Ibn Thunayyan Street 8072 حي النخيل 4992, 12391 Riyadh, Saudi Arabia",4.0,9.0,Superb,673,1199.6,442.1794742857144,384.4608,228.77,51.73650888374056,67.0,2009,,,https://www.booking.com/hotel/sa/bwb-lnkhyl-llshqq-lfndqy.en-gb.html,,0.1141078838174274,0.4455958549222797,0.1067357512953368,0.0672729187879639,0.06308331919226201,0.07201611549437636,178,186,149,32.37567635621117,Low ADR & Low Occupancy,6407.900000000001,0,0,1,0,0,0
57,64,12672779.0,-1,12672779,900040280.0,AW Hotel Riyadh,Riyadh,"7293, Salahuddin Al Ayyubi Road, Al Zahra District","7293, Salahuddin Al Ayyubi Road, Al Zahra District, 12811 Riyadh, Saudi Arabia",4.0,8.4,Very good,21,958.08,650.000468864469,641.2416,254.32,39.12689029143056,93.0,2001,,,https://www.booking.com/hotel/sa/aw-lryd1.en-gb.html,,0.2430278884462151,0.1892430278884462,0.01394422310756972,0.04947157754292335,0.04416256575598167,0.06177606177606178,246,262,172,40.39111386955408,High ADR & Low Occupancy,4604.018,1,1,0,0,1,1
58,65,4553439.0,-1,4553439,900040280.0,Ayan Hotel,Riyadh,6667 Olaya Street,"6667 Olaya Street, 13321 Riyadh, Saudi Arabia",4.0,7.7,Good,3605,1169.61,536.4535076923078,384.1696,267.59,49.88063940806544,89.0,2017,,,https://www.booking.com/hotel/sa/fndq-w-jnh-yn.en-gb.html,,0.1946983546617916,0.3756855575868373,0.08683729433272395,0.08317825919033742,0.08238588155438657,0.07168037602820211,145,140,150,20.54464884770476,Low ADR & Low Occupancy,7345.705000000002,1,1,0,1,1,0
60,68,290285.0,11747091,290285,900040280.0,Qaser Al Hamra by Warwick,Riyadh,King Abdullah Road,"King Abdullah Road, 11323 Riyadh, Saudi Arabia",4.0,7.0,Good,962,1299.57,1387.73142,1289.0964,960.66,69.22531230387398,64.0,2011,Upper Upscale,,https://www.booking.com/hotel/sa/coral-al-hamra-riyadh.en-gb.html,Warwick Hotels and Resorts,0.1375661375661376,0.5611782477341389,0.06797583081570997,0.09883782170569853,0.0949855761072459,0.09669296625818365,111,112,104,18.79123066719383,High ADR & High Occupancy,644.9340000000001,1,1,1,1,1,1
61,69,1643320.0,11697132,1643320,900040280.0,Grand Plaza Hotel - Gulf Riyadh,Riyadh,"8235 King Abdulaziz Road , Ad Dhubbat District 3914","8235 King Abdulaziz Road , Ad Dhubbat District 3914, 12623 Riyadh, Saudi Arabia",4.0,8.5,Very good,5167,1097.63,626.344975824176,588.7104,320.42,51.15648218027352,140.0,2016,Midscale,,https://www.booking.com/hotel/sa/grand-plaza-gulf.en-gb.html,EWAA Hotels,0.2175925925925926,0.2313030069390902,0.03161141094834233,0.1013307117025385,0.09065840828101138,0.1257344300822562,105,120,73,26.92668810285674,Low ADR & Low Occupancy,3815.706000000001,1,1,1,1,1,1
63,71,9482348.0,-1,9482348,900040280.0,Seven Gardens Hotel,Riyadh,8424 Faisal Bin Bandar Bin Abd Al Aziz,"8424 Faisal Bin Bandar Bin Abd Al Aziz, 13324 Riyadh, Saudi Arabia",4.0,9.1,Superb,1164,1271.58,431.17152,366.4896,133.3,30.91480427948278,61.0,2021,,,https://www.booking.com/hotel/sa/fndq-sfn-jrdnz.en-gb.html,,0.2948717948717949,0.3782051282051282,0.07692307692307693,0.01369333941926196,0.01569658917359579,0.003357394661742488,427,417,449,52.17247900331087,Low ADR & Low Occupancy,3527.52,1,1,0,0,1,1
64,73,9789568.0,-1,9789568,900040280.0,HDB Financial District,Riyadh,King Fahd Road,"King Fahd Road, 13515 Riyadh, Saudi Arabia",4.0,7.4,Good,2826,1521.01,830.9501046153848,657.6128,459.67,55.31843971744141,60.0,2020,,,https://www.booking.com/hotel/sa/hdb-lmrkz-lmly-hdb.en-gb.html,Hadab Hotels & Resorts,0.2167539267015707,0.4884937238493724,0.09414225941422594,0.06829114146272953,0.07220431019854065,0.04079234514017122,174,161,257,34.45395155428542,High ADR & High Occupancy,5691.683000000001,1,1,1,1,1,1
66,75,384151.0,11757335,384151,900040280.0,Warwick Riyadh Al Dabab,"Al Sulimania, Riyadh","7635, Prince Abdulaziz Ibn Musaid Ibn Jalawi, Sulimaniyah District","7635, Prince Abdulaziz Ibn Musaid Ibn Jalawi, Sulimaniyah District, Al Sulimania, 12621 Riyadh, Saudi Arabia",4.0,7.1,Good,1284,743.5,564.3843222222224,573.7143,338.69,60.01101086475836,90.0,2015,Upper Upscale,,https://www.booking.com/hotel/sa/dabab-hotel-by-warwick.en-gb.html,Warwick Hotels and Resorts,0.1818181818181818,0.2325413966882649,0.03599712023038157,0.1013307117025385,0.08900390293568641,0.132281349672654,104,123,69,16.5594516584651,Low ADR & High Occupancy,4220.607000000001,1,1,1,1,1,1
72,81,9346224.0,-1,9346224,900040280.0,Tajreed Suites,Riyadh,6599 3030 Al Olaya,"6599 3030 Al Olaya, 13311 Riyadh, Saudi Arabia",4.0,8.1,Very good,739,1619.46,612.3904982010582,457.0624,402.92,65.79473149422009,17.0,2023,,,https://www.booking.com/hotel/sa/tajreed-suites.en-gb.html,,0.1666666666666667,0.3809523809523809,0.1785714285714286,0.02601734489659773,0.0264296623112167,0.01980862850428068,371,364,372,19.81605985825901,Low ADR & High Occupancy,3323.83,0,0,0,1,1,0
74,83,9225288.0,19792807,9225288,900040280.0,Riyadha Home Apartment,Riyadh,Prince Mohammed Ibn Salman Ibn Abdulaziz Road 1,"Prince Mohammed Ibn Salman Ibn Abdulaziz Road 1, 13317 Riyadh, Saudi Arabia",4.0,8.1,Very good,513,926.13,424.8466215384616,414.7008,166.58,39.20977167504785,160.0,2018,Upscale,,https://www.booking.com/hotel/sa/riyada-home-serviced-apartments.en-gb.html,,0.2183622828784119,0.5186104218362283,0.1240694789081886,0.02900179066746252,0.03088409977939929,0.01645123384253819,352,336,395,34.72237101457642,Low ADR & Low Occupancy,4120.58,0,1,1,1,1,0
76,85,9220868.0,-1,9220868,900040280.0,Voyage Hotel & Suites - فندق فوياج,Riyadh,Al Urubah Road,"Al Urubah Road, 12350 Riyadh, Saudi Arabia",4.0,9.8,Exceptional,24,1199.6,600.8267674725275,545.6,461.43,76.79966458487748,68.0,2015,,,https://www.booking.com/hotel/sa/voyage-amp-suites.en-gb.html,Voyage,0.1848450057405281,0.433734939759036,0.110728628800918,0.1320880587058039,0.137578482945868,0.08712439147221755,78,72,126,21.49174185686363,Low ADR & High Occupancy,3685.85,1,1,1,1,1,1
77,86,1694023.0,11695189,1694023,900040280.0,Awfad Hotel,"Al Olaya, Riyadh","King Fahd Street, Olaya District","King Fahd Street, Olaya District, Al Olaya, 12213 Riyadh, Saudi Arabia",4.0,7.4,Good,3083,888.77,433.5988114285715,435.2288,249.83,57.61835843695921,143.0,2016,Upper Midscale,,https://www.booking.com/hotel/sa/copthorne-riyadh.en-gb.html,,0.1324252743094968,0.4597048808172531,0.1259931895573212,0.1454653979846213,0.1442813507551332,0.1245593419506463,69,67,75,22.17800732271215,Low ADR & High Occupancy,2095.986,1,1,1,1,1,1
78,87,73210.0,11647286,73210,900040280.0,"Radisson Blu Hotel, Riyadh",Riyadh,King Abdulaziz Street,"King Abdulaziz Street, Riyadh, Saudi Arabia",5.0,7.6,Good,4599,1580.77,825.8197333333336,673.4896,520.53,63.03241050925271,314.0,1982,Upper Upscale,,https://www.booking.com/hotel/sa/radisson-sas-riyadh.en-gb.html,Radisson Hotel Group,0.2520439149731371,0.1768136225798927,0.02962444599953347,0.3966152873845722,0.3390039029356864,0.554809467852946,12,17,8,16.12573764360279,High ADR & High Occupancy,3222.966000000001,1,1,1,1,1,1
79,88,10495210.0,-1,10495210,900040280.0,فندق لافيرا الرويبح Lavera Hotel,"Al Hamra, Riyadh",طريق الإمام عبدالله بن سعود بن عبدالعزيز,"طريق الإمام عبدالله بن سعود بن عبدالعزيز, Al Hamra, 13241 Riyadh, Saudi Arabia",4.0,7.9,Good,133,665.78,290.1893333333334,288.3552,86.05,29.65458501940607,121.0,2014,,,https://www.booking.com/hotel/sa/fndq-lfyr-lrwybh.en-gb.html,Mira Hotels Group,0.1361256544502618,0.3821989528795812,0.0549738219895288,0.02145289842351041,0.02078737485151875,0.02031223770354205,395,396,369,31.66999862510004,Low ADR & Low Occupancy,6812.339000000001,1,1,0,1,1,1
82,91,3235188.0,11731154,3235188,900040280.0,Hyatt Place Riyadh Sulaimania,"Al Sulimania, Riyadh","Turki Ibn Abdullah Al Saud Street, Al Sulaimania District","Turki Ibn Abdullah Al Saud Street, Al Sulaimania District, Al Sulimania, 12234 Riyadh, Saudi Arabia",4.0,8.5,Very good,779,1928.36,560.5264761904762,480.128,329.44,58.77336832296839,88.0,2018,Upscale,,https://www.booking.com/hotel/sa/hyatt-place-riyadh-sulaimania.en-gb.html,Hyatt Hotels Corporation,0.1654929577464789,0.4242957746478873,0.06514084507042253,0.094132930725747,0.08285253690819618,0.1222091656874266,116,138,78,20.73267469926114,Low ADR & High Occupancy,3401.333000000001,1,1,1,1,1,1
86,95,6769543.0,12046787,6769543,900040280.0,Vittori Palace Hotel and Residences,Riyadh,3091 Al Wedian Al Urubah Road king Abdullah Dist,"3091 Al Wedian Al Urubah Road king Abdullah Dist, 12426 Riyadh, Saudi Arabia",5.0,8.1,Very good,4179,1599.47,1221.582341391942,929.8752,594.99,48.70661985989572,184.0,2020,Upper Upscale,,https://www.booking.com/hotel/sa/vittori-palace-riyadh.en-gb.html,,0.1969140337986774,0.2976539589442815,0.05205278592375366,0.1127067167585408,0.1121669777702359,0.0950142689273124,96,93,109,25.55448541066061,High ADR & Low Occupancy,8200.41,1,1,1,1,1,1
88,98,7063972.0,-1,7063972,900040280.0,WAW Hotel Suites King Abdullah District,Riyadh,6405 King Abdullah bin Abdulaziz Rd,"6405 King Abdullah bin Abdulaziz Rd, 11564 Riyadh, Saudi Arabia",4.0,7.9,Good,2006,1519.49,672.7468666666667,632.7552,352.08,52.33506395476947,51.0,2020,,,https://www.booking.com/hotel/sa/waw-suites.en-gb.html,,0.1945945945945946,0.4520917678812414,0.08097165991902834,0.05235068993363997,0.05391990497200068,0.03693134127916736,233,226,280,42.66879315508127,Low ADR & Low Occupancy,5807.989,1,1,1,1,1,1
96,106,1917845.0,20249749,1917845,900040280.0,Al Muhaidb Gharnata - Al Malaz,"Al Malaz, Riyadh","Salaheddin St.,","Salaheddin St.,, Al Malaz, 11461 Riyadh, Saudi Arabia",4.0,6.7,Average,1553,611.8,283.7226666666668,283.1904,125.23,44.13701035715587,99.0,2022,Midscale,,https://www.booking.com/hotel/sa/almuhaidb-gharnatha-60-st.en-gb.html,EWAA Hotels,0.1944444444444444,0.2186836518046709,0.01910828025477707,0.04009690670973631,0.03673850330901069,0.04633204633204633,289,307,228,23.84541747565407,Low ADR & Low Occupancy,4168.268000000002,1,1,0,0,0,0
97,107,10852896.0,-1,10852896,900040280.0,فندق إجازة الخليج,Riyadh,Shaikh Abdullah Al Makhdub Street,"Shaikh Abdullah Al Makhdub Street, 13314 Riyadh, Saudi Arabia",4.0,8.3,Very good,457,779.74,491.7892189996359,414.3936,282.12,57.36589051049855,70.0,2016,,,https://www.booking.com/hotel/sa/fndq-jz-lkhlyj.en-gb.html,,0.1663865546218487,0.3361344537815126,0.03445378151260504,0.0850391489062884,0.08395554047174615,0.0743662917575961,141,135,146,16.87528167334743,Low ADR & High Occupancy,2624.418,1,1,1,1,1,1
98,108,2399724.0,11627918,2399724,900040280.0,Centro Waha by Rotana,Riyadh,"Olaya Street, Al Murooj District","Olaya Street, Al Murooj District, 11616 Riyadh, Saudi Arabia",4.0,7.9,Good,2638,1883.82,812.2617008895868,626.0608,482.91,59.45291339401501,290.0,2017,Upper Midscale,,https://www.booking.com/hotel/sa/centro-waha.en-gb.html,Rotana Hotel Management Corporation,0.1780678851174935,0.3957735455256979,0.09548656404904773,0.3191601418489519,0.2947140675377567,0.3597448380057076,22,22,13,15.38708615030902,Low ADR & High Occupancy,1773.465,1,1,1,1,1,1
104,114,9600510.0,-1,9600510,900040280.0,Imperial Hotel Riyadh,"Al Hamra, Riyadh",Al Masani Street,"Al Masani Street, Al Hamra, 13217 Riyadh, Saudi Arabia",4.0,8.0,Very good,167,799.73,293.61664,317.4016,96.1,32.73028590755327,85.0,2012,,,https://www.booking.com/hotel/sa/imperial.en-gb.html,,0.195364238410596,0.2251655629139073,0.01655629139072848,0.02485867771496787,0.02536908196164941,0.01846567063958368,379,370,381,24.10146052095668,Low ADR & Low Occupancy,6960.000999999999,0,0,0,0,0,0
105,115,187743.0,11720297,187743,900040280.0,"Holiday Inn Riyadh Al Qasr, an IHG Hotel","Al Olaya, Riyadh",Olaya Main Road,"Olaya Main Road, Al Olaya, Riyadh, Saudi Arabia",4.0,7.2,Good,1381,1618.66,533.1989150168351,453.552,329.17,61.73430819593906,203.0,2007,Upper Midscale,,https://www.booking.com/hotel/sa/holiday-inn-riyadh-al-qasr.en-gb.html,IHG Hotels & Resorts,0.1827887415076027,0.3366720516962843,0.05008077544426495,0.2444436641971841,0.2316307483454947,0.2521403390968608,33,37,26,20.4110136563358,Low ADR & High Occupancy,3221.503,1,1,1,1,1,1
108,118,3214525.0,11633407,3214525,900040280.0,Makeen Homes by Warwick Hotel,Riyadh,Taif Street Dhahrat Laban,"Taif Street Dhahrat Laban, 11323 Riyadh, Saudi Arabia",4.0,7.4,Good,687,584.81,456.3423333333334,433.6666,323.19,70.82237197993081,60.0,2018,Upper Upscale,,https://www.booking.com/hotel/sa/makeen-homes-by-warwick-riyadh.en-gb.html,Warwick Hotels and Resorts,0.1501925545571245,0.9942344650864832,0.03715566944266496,0.09701204311646361,0.09748854573222468,0.07805942588551285,113,109,141,25.17638370957447,Low ADR & High Occupancy,17481.55700000001,1,1,1,1,1,0
111,121,8021744.0,-1,8021744,900040280.0,Celine Home Serviced apartment -Tuwaiq,Riyadh,Ahmad Ibn Alkhattab 3,"Ahmad Ibn Alkhattab 3, 14929 Riyadh, Saudi Arabia",4.0,8.3,Very good,636,1079.64,391.4423466666668,280.1856,154.41,39.44575659252413,53.0,2023,,,https://www.booking.com/hotel/sa/sylyn-hwm-llshqq-lfndqy-twyq.en-gb.html,,0.2798833819241983,0.2332361516034985,0.02332361516034986,0.02882623503388224,0.03088409977939929,0.01561188517710257,353,335,402,31.08641081928086,Low ADR & Low Occupancy,26436.931,0,0,0,1,0,0
112,122,6492808.0,-1,6492808,900040280.0,Braira Al Yarmouk,Riyadh,"Imam Abdullah Ibn Saud Ibn Abdulaziz Rd Imam Abdullah Ibn Saud Ibn Abdulaziz Rd, Al Yarmuk, Riyadh 13243 6500","Imam Abdullah Ibn Saud Ibn Abdulaziz Rd Imam Abdullah Ibn Saud Ibn Abdulaziz Rd, Al Yarmuk, Riyadh 13243 6500, 13243 Riyadh, Saudi Arabia",4.0,8.6,Fabulous,3816,1869.38,741.9427575757577,687.4688,401.07,54.05692423426007,84.0,2013,,,https://www.booking.com/hotel/sa/braira-al-yarmuk.en-gb.html,Boudl Hotels and Resorts,0.254314259763851,0.3034420289855073,0.02445652173913043,0.091640040728907,0.09392499575767861,0.06647641430250126,124,116,157,27.69149870165759,High ADR & Low Occupancy,7501.383,1,1,1,0,1,1
116,127,9443807.0,11677209,9443807,900040280.0,Radisson Blu Hotel Riyadh Convention and Exhibition Center,Riyadh,King Abdullah Bin Abdulaziz Road,"King Abdullah Bin Abdulaziz Road, Riyadh, Saudi Arabia",5.0,8.8,Fabulous,1522,2252.25,1614.638514704343,1320.9952,619.2,38.34911054584932,223.0,2023,Upper Upscale,,https://www.booking.com/hotel/sa/radisson-blu-riyadh-convention-and-exhibition-center.en-gb.html,Radisson Hotel Group,0.1985981308411215,0.3706293706293706,0.0675990675990676,0.03170534742459886,0.03419311047004921,0.01628336410945106,332,317,397,43.51744781976639,High ADR & Low Occupancy,4984.729999999999,0,1,1,1,1,1
117,128,74591.0,12017751,74591,900040280.0,Riyadh Marriott Hotel,Riyadh,"King Saud Road, Al Wazarat District","King Saud Road, Al Wazarat District, 11464 Riyadh, Saudi Arabia",5.0,7.5,Good,1026,1975.34,739.1478755555559,673.6528,504.86,68.3033114608428,418.0,2012,Upper Upscale,,https://www.booking.com/hotel/sa/riyadh-marriott.en-gb.html,Marriott International,0.2054722441462773,0.2662371811727584,0.03812779384696293,0.6280327235700993,0.5708043441371119,0.7439986570421353,6,6,6,17.61299141568205,High ADR & High Occupancy,3625.566,1,1,1,1,1,1
118,129,381958.0,11730977,381958,900040280.0,"Marriott Executive Apartments Riyadh, Convention Center",Riyadh,"King Saud Road, Al Wazarat District","King Saud Road, Al Wazarat District, 11464 Riyadh, Saudi Arabia",5.0,8.7,Fabulous,653,1890.62,864.3535393939396,912.3488,712.18,82.3948699195748,118.0,2012,Upper Upscale,,https://www.booking.com/hotel/sa/marriott-executive-apartments-riyadh.en-gb.html,Marriott International,0.1657258064516129,0.37726723095526,0.05199516324062878,0.3263930339524596,0.3204649584252503,0.2924290750377707,19,20,20,18.07515693304765,High ADR & High Occupancy,4287.308,1,1,1,1,1,1
119,130,2969313.0,11757034,2969313,900040280.0,Braira Qurtubah,Riyadh,Qortoba Al Rashed Street,"Qortoba Al Rashed Street, 11351 Riyadh, Saudi Arabia",4.0,8.1,Very good,8191,1696.44,721.1710857142858,669.5056,507.16,70.32436565218292,170.0,2016,Upper Upscale,,https://www.booking.com/hotel/sa/fndq-bryr-qrtb.en-gb.html,Boudl Hotels and Resorts,0.224964234620887,0.2806704707560628,0.03958630527817403,0.2710227871212387,0.265951128457492,0.2434111129763304,28,28,29,13.5703325496898,High ADR & High Occupancy,5558.766,1,1,1,1,1,1
122,133,9328904.0,11648524,9328904,900040280.0,"Holiday Inn Riyadh The Business District, an IHG Hotel",Riyadh,King Khaled International Airport Road,"King Khaled International Airport Road, null Riyadh, Saudi Arabia",5.0,8.7,Fabulous,806,1761.41,852.822328888889,763.2,318.41,37.33611802891553,138.0,2023,Upper Midscale,,https://www.booking.com/hotel/sa/holiday-inn-business-district.en-gb.html,IHG Hotels & Resorts,0.3076923076923077,0.2264150943396227,0.09433962264150944,0.01327200589866929,0.0141693534702189,0.007386268255833473,430,427,430,45.944577569571,High ADR & Low Occupancy,343.627,1,1,1,1,1,1
123,134,7856948.0,17603709,7856948,900040280.0,Sarwat Park Hotel Riyadh - Diplomatic Quarter,Riyadh,Diplomatic Quarter,"Diplomatic Quarter, 61411 Riyadh, Saudi Arabia",4.0,8.0,Very good,919,1529.49,916.3335979068552,681.6832,432.28,47.17470555978689,56.0,2021,Luxury,,https://www.booking.com/hotel/sa/fndq-srwt-brk-lryd.en-gb.html,,0.1530815109343936,0.4345238095238096,0.07936507936507936,0.03040623573610477,0.03236891226879349,0.01729058250797381,342,328,387,26.36532063159834,High ADR & Low Occupancy,9955.206999999997,1,1,1,1,1,1
124,135,386315.0,11732807,386315,900040280.0,Boudl Al Woroud,Riyadh,"Infront of Carfour, Damam Road","Infront of Carfour, Damam Road, 99999* Riyadh, Saudi Arabia",4.0,8.0,Very good,406,1139.62,481.2965212121213,449.552,261.58,54.34994058590358,47.0,2012,Upscale,,https://www.booking.com/hotel/sa/boudl-al-woroud.en-gb.html,Boudl Hotels and Resorts,0.2727272727272727,0.213953488372093,0.02790697674418605,0.0408342403707735,0.03614457831325302,0.05220748699009568,284,312,202,30.90259263591582,Low ADR & Low Occupancy,2298.338000000001,1,1,0,0,0,1
127,139,548147.0,12019145,548147,900040280.0,"Holiday Inn Meydan, an IHG Hotel","Al Olaya, Riyadh",Olya Street,"Olya Street, Al Olaya, 31311 Riyadh, Saudi Arabia",4.0,7.5,Good,999,1709.43,683.1445777777778,575.184,335.61,49.12722149502289,290.0,2013,Upper Midscale,,https://www.booking.com/hotel/sa/holiday-inn-meydan.en-gb.html,IHG Hotels & Resorts,0.1796206768315359,0.3434944237918216,0.06951672862453531,0.1831747480776658,0.1780078058713728,0.171394997481954,52,52,48,20.12681797169632,Low ADR & Low Occupancy,82.395,1,1,1,1,1,1
128,140,4574309.0,11623526,4574309,900040280.0,Cristal Amaken Hotel Riyadh,Riyadh,"Industrial City 2 (New industrial City), Riyadh 9369","Industrial City 2 (New industrial City), Riyadh 9369, 14334 Riyadh, Saudi Arabia",4.0,8.4,Very good,1056,1255.58,550.0619885714287,498.112,228.06,41.46131316429491,268.0,2019,Upscale,,https://www.booking.com/hotel/sa/industrial-city-2-new-industrial-city-riyadh.en-gb.html,Cristal Hotels & Resort,0.1621073961499493,0.1740890688259109,0.01214574898785425,0.07598047821354588,0.07402850839979637,0.07033741816350511,159,153,152,16.91033008694508,Low ADR & Low Occupancy,27550.65699999997,1,1,1,1,1,1
130,143,7001174.0,12290076,7001174,900040280.0,Golden Tulip Riyadh,Riyadh,Al Fudul,"Al Fudul, 13215 Riyadh, Saudi Arabia",4.0,8.8,Fabulous,2372,2020.02,740.4115809523811,696.4416,332.07,44.84993646142091,94.0,2020,Upper Midscale,,https://www.booking.com/hotel/sa/golden-tulip-riyadh.en-gb.html,Golden Tulip,0.1767515923566879,0.4022257551669316,0.06836248012718601,0.04111512938450195,0.04093840149329713,0.03458116501594762,282,278,293,21.73529895372136,High ADR & Low Occupancy,8765.707999999997,1,1,1,1,1,1
132,145,7739522.0,-1,7739522,900040280.0,Anan Hotel,Riyadh,7401 King Fahd Branch Road 7401 طريق الملك فهد الفرعي، الصحافة، الرياض 13321 2256,"7401 King Fahd Branch Road 7401 طريق الملك فهد الفرعي، الصحافة، الرياض 13321 2256, 13321 Riyadh, Saudi Arabia",4.0,7.5,Good,1574,1110.8,706.9448533333334,519.8784,337.8,47.78283837985379,63.0,2022,,,https://www.booking.com/hotel/sa/anan-hotels.en-gb.html,,0.1256281407035176,0.5120481927710843,0.08433734939759036,0.0539306906358625,0.05519260139148142,0.03944938727547423,229,218,265,26.78573773476347,Low ADR & Low Occupancy,9010.479000000005,1,1,1,1,1,1
134,147,2971013.0,11682459,2971013,900040280.0,Braira Al Wezarat,Riyadh,"King Abdulaziz Road, Al Wezarat District","King Abdulaziz Road, Al Wezarat District, 11351 Riyadh, Saudi Arabia",4.0,8.4,Very good,4168,1859.38,592.2730666666669,572.8816,326.14,55.06508468117423,112.0,2016,Upscale,,https://www.booking.com/hotel/sa/braira-al-wezarat.en-gb.html,Boudl Hotels and Resorts,0.2176759410801964,0.25,0.04411764705882353,0.1009444893086619,0.09791277787205159,0.09518213866039953,107,108,107,15.59759329579203,Low ADR & High Occupancy,2970.22,0,1,1,0,0,1
135,148,1700698.0,11680107,1700698,900040280.0,Rosh Rayhaan by Rotana,"Al Olaya, Riyadh",Olaya District,"Olaya District, Al Olaya, 12241 Riyadh, Saudi Arabia",5.0,8.5,Very good,1711,2000.28,767.1315884115886,686.5632,440.53,57.42613239764083,235.0,2016,Upper Upscale,,https://www.booking.com/hotel/sa/rosh-rayhaan-by-rotana.en-gb.html,Rotana Hotel Management Corporation,0.1797994269340974,0.3662374821173104,0.0944206008583691,0.2370001053333801,0.2274308501612082,0.2331710592580158,36,40,31,18.91736066200068,High ADR & High Occupancy,2202.853,1,1,1,1,1,1
141,154,8257262.0,-1,8257262,900040280.0,Hadab Al Sahafa,Riyadh,Wadi Al Magha-HDB-ALMUHID,"Wadi Al Magha-HDB-ALMUHID, 13321 Riyadh, Saudi Arabia",4.0,8.1,Very good,5137,1236.21,749.8243235164837,609.792,247.15,32.96040504600689,127.0,2022,,,https://www.booking.com/hotel/sa/hadab-sahafa.en-gb.html,Hadab Hotels & Resorts,0.1849912739965096,0.3717277486910995,0.04886561954624782,0.03823601699378533,0.03729000509078568,0.03525264394829612,302,302,289,40.01727891884747,Low ADR & Low Occupancy,7072.523000000001,1,1,1,1,1,1
143,156,44684.0,12017431,44684,900040280.0,"Holiday Inn Riyadh Izdihar, an IHG Hotel",Riyadh,"The Northern Ring Road, Between Exit 7 & 8","The Northern Ring Road, Between Exit 7 & 8, 11564 Riyadh, Saudi Arabia",4.0,7.3,Good,1529,1979.34,760.42624,747.7952,527.6,69.38185891425336,289.0,2007,Upper Midscale,,https://www.booking.com/hotel/sa/holiday-inn-riyadh-izdihar.en-gb.html,IHG Hotels & Resorts,0.1824488380159556,0.3580952380952381,0.07186147186147186,0.4483690881640392,0.4344985576107246,0.4243746852442504,10,10,12,14.94197032693229,High ADR & High Occupancy,1091.711,1,1,1,1,1,1
144,157,6357318.0,-1,6357318,900040280.0,Le Park Concord Rabwah Hotel,Riyadh,Fifa Street Al rabwah,"Fifa Street Al rabwah, 11543 Riyadh, Saudi Arabia",4.0,6.9,Average,260,599.8,316.1009185185186,256.7488,235.05,74.36025307271838,18.0,2021,,,https://www.booking.com/hotel/sa/le-park-concord-al-rabwah.en-gb.html,Le Park Concord-Hotels,0.1781914893617021,0.2947368421052631,0.02894736842105263,0.03332045925353744,0.03359918547429153,0.02635554809467853,326,321,337,23.39552146355566,Low ADR & High Occupancy,10389.229,1,1,1,1,1,1
147,160,1348653.0,11740138,1348653,900040280.0,Novotel Suites Riyadh Centre,"Al Olaya, Riyadh","Olaya Street, Olaya District","Olaya Street, Olaya District, Al Olaya, 11361 Riyadh, Saudi Arabia",4.0,7.7,Good,93,1169.61,586.90834,599.6104,312.56,53.25581378266475,88.0,2015,Upscale,,https://www.booking.com/hotel/sa/suite-novotel-riyadh-dyar.en-gb.html,Accor,0.1617647058823529,0.3849167482859941,0.1439764936336925,0.07208314314806362,0.06439843882572543,0.08981030720161155,168,179,120,21.074745605238,Low ADR & Low Occupancy,1413.315,1,1,1,1,1,1
148,161,1587431.0,11638944,1587431,900040280.0,Braira Al Olaya,"Al Olaya, Riyadh","26 Olaya Street, Olaya District","26 Olaya Street, Olaya District, Al Olaya, 11372 Riyadh, Saudi Arabia",4.0,8.4,Very good,3632,2248.25,640.4132727272728,582.8304,361.18,56.39785858523143,122.0,2015,Upper Upscale,,https://www.booking.com/hotel/sa/braira-riyadh.en-gb.html,Boudl Hotels and Resorts,0.2134228187919463,0.3165660630449363,0.06908115358819585,0.1173413854850602,0.1108942813507551,0.1222091656874266,89,96,79,15.9330866011583,Low ADR & High Occupancy,2948.465999999999,1,1,1,1,1,1
149,162,6373169.0,11749930,6373169,900040280.0,Courtyard by Marriott Riyadh Northern Ring Road,Riyadh,"Olaya Street, Al Murooj District, Northern Ring Road, PO Box 4050","Olaya Street, Al Murooj District, Northern Ring Road, PO Box 4050, 11491 Riyadh, Saudi Arabia",4.0,8.2,Very good,1013,2899.04,923.528304761905,945.9104,560.16,60.65413388699523,197.0,2020,Upscale,,https://www.booking.com/hotel/sa/courtyard-riyadh-northern-ring-road.en-gb.html,Marriott International,0.1555153707052441,0.4948764315852923,0.1540084388185654,0.227555212246761,0.232139826913287,0.1693805606849085,39,36,50,22.1724971011179,High ADR & High Occupancy,0.0,1,1,1,1,1,1
152,165,351478.0,11746860,351478,900040280.0,"The Ritz-Carlton, Riyadh",Riyadh,"Al Hada Area, Mekkah Road","Al Hada Area, Mekkah Road, Riyadh, Saudi Arabia",5.0,9.0,Superb,2376,10896.37,3159.526215873016,2485.7824,1651.94,52.28443446267111,492.0,2011,Luxury,,https://www.booking.com/hotel/sa/the-ritz-carlton-riyadh.en-gb.html,Marriott International,0.1972870061875298,0.3342816500711238,0.09103840682788052,0.3813068361363716,0.3724333955540472,0.3493369145543058,14,14,14,16.85346446330977,High ADR & Low Occupancy,7856.929999999998,1,1,1,1,1,1
153,166,79572.0,12018028,79572,900040280.0,"Holiday Inn Olaya, an IHG Hotel","Al Olaya, Riyadh",Olaya Main Road,"Olaya Main Road, Al Olaya, 11564 Riyadh, Saudi Arabia",4.0,7.1,Good,742,1709.43,1131.653777777778,413.4208,746.27,65.94497452840751,298.0,1999,Upper Midscale,,https://www.booking.com/hotel/sa/olaya-holiday-inn-riyadh.en-gb.html,IHG Hotels & Resorts,0.2337004405286344,0.2524165202108964,0.04305799648506151,0.415821073698255,0.3794756490751739,0.4864864864864865,11,12,9,27.00797704204374,Low ADR & High Occupancy,4495.409,1,1,1,1,1,1
154,167,371107.0,11679543,371107,900040280.0,Novotel Suites Riyadh Olaya,"Al Olaya, Riyadh",Olaya Street,"Olaya Street, Al Olaya,   Riyadh, Saudi Arabia",4.0,7.5,Good,1063,1442.82,449.88222,418.5536,235.99,52.45644832773264,115.0,2012,Upscale,,https://www.booking.com/hotel/sa/mena-plaza.en-gb.html,Accor,0.2144194756554307,0.2810457516339869,0.05228758169934641,0.0900249288999684,0.08654335652469032,0.08796374013765318,128,128,124,24.74191302808142,Low ADR & Low Occupancy,343.008,1,1,1,1,1,1
155,168,337063.0,11642722,337063,900040280.0,Grand Plaza Hotel - Takhasosi Riyadh,Riyadh,Al Takhasossy Street,"Al Takhasossy Street, 11564 Riyadh, Saudi Arabia",4.0,8.3,Very good,3876,1043.65,559.65952,596.3872,341.59,61.03516840834209,92.0,2011,Economy,,https://www.booking.com/hotel/sa/grand-plaza.en-gb.html,EWAA Hotels,0.1943699731903485,0.3998660415271266,0.0522438044206296,0.107861381271725,0.1017308671304938,0.1131442001007218,100,105,87,18.5405630159536,Low ADR & High Occupancy,2086.478,1,1,0,1,1,0
156,169,398721.0,12018026,398721,900040280.0,Courtyard Riyadh by Marriott Diplomatic Quarter,Riyadh,"Al Hada District, Abdullah Bin Hothafa, Al-Sahmi Street","Al Hada District, Abdullah Bin Hothafa, Al-Sahmi Street, 11546 Riyadh, Saudi Arabia",4.0,8.1,Very good,1338,4028.66,745.3004363636365,769.7312,451.01,60.51365530744682,286.0,2012,Upscale,,https://www.booking.com/hotel/sa/courtyard-riyadh-diplomatic-quarter.en-gb.html,Marriott International,0.1471836419753086,0.3920169687620517,0.06189741612032395,0.328534812682139,0.3190649923638215,0.3082088299479604,18,21,18,20.46048029043513,High ADR & High Occupancy,9869.359999999995,1,1,1,1,1,1
157,170,3938167.0,11685452,3938167,900040280.0,Centro Olaya by Rotana,"Al Olaya, Riyadh",Olaya Street 7590 Wadi Al Artwi - Al Olaya,"Olaya Street 7590 Wadi Al Artwi - Al Olaya, Al Olaya, 12212  Riyadh, Saudi Arabia",4.0,8.0,Very good,2203,1952.65,646.2173257142858,644.4544,335.94,51.98501004422556,156.0,2018,Upper Midscale,,https://www.booking.com/hotel/sa/centro-olaya-by-rotana.en-gb.html,Rotana Hotel Management Corporation,0.1955719557195572,0.3387453874538744,0.08782287822878229,0.1187809416804185,0.1119548617003224,0.1248950814168205,87,94,74,28.18134978463669,High ADR & Low Occupancy,884.1519999999999,1,1,1,1,1,1
159,172,4148050.0,12019674,4148050,900040280.0,Fairmont Riyadh,Riyadh,"Airport Road Business Gate, Qurtubah Area","Airport Road Business Gate, Qurtubah Area, 11552 Riyadh, Saudi Arabia",5.0,8.6,Fabulous,1100,3498.84,2580.945606565657,1518.4366,1172.06,45.4121145723697,298.0,2019,Luxury,,https://www.booking.com/hotel/sa/fairmont-riyadh.en-gb.html,Accor,0.2,0.2710154673839946,0.3496973772696705,0.1379516168673853,0.1368572883081622,0.1180124223602484,73,74,84,14.8415882533622,High ADR & Low Occupancy,3109.794,1,1,1,1,1,1
165,178,2337211.0,11667488,2337211,900040280.0,Fraser Suites Riyadh,"Al Olaya, Riyadh",Intersection Olaya street and Khurais road ,"Intersection Olaya street and Khurais road , Al Olaya, 11524 Riyadh, Saudi Arabia",4.0,8.1,Very good,2406,1370.03,852.8996322077924,808.032,707.32,82.93159994711175,95.0,2018,Upper Upscale,,https://www.booking.com/hotel/sa/fraser-suites-riyadh.en-gb.html,Frasers Hospitality,0.1733411283250512,0.3853345018989191,0.07887817703768624,0.2776939011972894,0.26718140166299,0.2704381400033574,25,27,22,12.77842320883998,High ADR & High Occupancy,1941.362,1,1,1,1,1,1
170,183,9279701.0,-1,9279701,900040280.0,Luxury Night Hotel,Riyadh,شارع البيضاء,"شارع البيضاء, 13246 Riyadh, Saudi Arabia",4.0,8.4,Very good,1092,793.24,596.0676571428572,528.1984,181.32,30.41912323368792,74.0,2023,,,https://www.booking.com/hotel/sa/luxury-night.en-gb.html,,0.3197278911564626,0.1904761904761905,0.02040816326530612,0.01523822899476844,0.01735109451892075,0.004196743327178109,418,409,444,56.8859710172838,Low ADR & Low Occupancy,12193.674,1,1,0,0,1,1
171,184,6958667.0,20248143,6958667,900040280.0,Grand Plaza Hotel - KAFD Riyadh,Riyadh,"7520 King Fahad Branch Rd, 4296، Riyadh 13515","7520 King Fahad Branch Rd, 4296، Riyadh 13515, 01153 Riyadh, Saudi Arabia",4.0,8.5,Very good,3105,1399.53,877.024,711.2544,463.72,52.87450507717244,110.0,2016,Upscale,,https://www.booking.com/hotel/sa/grand-plaza-king-fahad-riyadh.en-gb.html,EWAA Hotels,0.1447631754503002,0.4829886591060707,0.1160773849232822,0.08819915031073347,0.08781605294417105,0.07419842202450898,134,126,147,14.8025232178955,High ADR & Low Occupancy,5386.194,0,1,1,1,0,1
175,188,7197629.0,11641860,7197629,900040280.0,Radisson Blu Hotel Riyadh Qurtuba,Riyadh,Al Thumamah Road,"Al Thumamah Road, Riyadh, Saudi Arabia",5.0,8.3,Very good,2711,1819.39,1326.905450549451,1303.0208,627.95,47.32473551566746,120.0,2021,Upper Upscale,,https://www.booking.com/hotel/sa/radisson-blu-riyadh-qurtuba.en-gb.html,Radisson Hotel Group,0.2093275488069414,0.5130151843817787,0.05314533622559653,0.06597380709946982,0.06791956558628882,0.04666778579822058,181,174,225,26.55358545387463,High ADR & Low Occupancy,3759.502,1,1,1,1,1,1
179,192,5509145.0,-1,5509145,900040280.0,فندق كراون روز الصحافة Crowne Rose AlSahafa Hotel,Riyadh,7405 Wadi Tarj- Al Sahafah Dist. Unit No 12 Riyadh 13321 - 2509,"7405 Wadi Tarj- Al Sahafah Dist. Unit No 12 Riyadh 13321 - 2509, 13313 Riyadh, Saudi Arabia",4.0,7.5,Good,3095,1371.54,798.115032888889,864.6448,288.86,36.19217278719971,95.0,2023,,,https://www.booking.com/hotel/sa/crown-rose.en-gb.html,,0.2168674698795181,0.3433734939759036,0.0783132530120482,0.04009690670973631,0.03928389614797217,0.03625986234681887,290,288,283,24.18789341144332,High ADR & Low Occupancy,9130.019000000006,1,1,1,1,1,1
181,195,173937.0,12020317,173937,900040280.0,RAND by Wandalus,"Al Sulimania, Riyadh",Mousa Bin Nossair Street Olaya,"Mousa Bin Nossair Street Olaya, Al Sulimania, 11458 Riyadh, Saudi Arabia",4.0,7.2,Good,581,1225.39,438.0704,392.9824,352.15,80.3856952859465,84.0,2009,Upper Midscale,,https://www.booking.com/hotel/sa/coral-al-suliemaniah.en-gb.html,Wandalus Hotels Group,0.1815718157181572,0.4686759227903827,0.1039620724686759,0.1829640813173695,0.1859409468861361,0.138996138996139,53,46,65,27.27840943461555,Low ADR & High Occupancy,2087.736,1,1,1,1,1,1
185,199,2118504.0,12018636,2118504,900040280.0,Hyatt Regency Riyadh Olaya,"Al Olaya, Riyadh",Olaya Road,"Olaya Road, Al Olaya, 11433 Riyadh, Saudi Arabia",5.0,8.5,Very good,3719,2978.01,1698.057697959184,1255.0992,764.0,44.99264375129935,257.0,2017,Upper Upscale,,https://www.booking.com/hotel/sa/hyatt-regency-riyadh-olaya.en-gb.html,Hyatt Hotels Corporation,0.1892950391644909,0.4240052185257665,0.1108936725375082,0.114076050700467,0.1080519260139148,0.1178445526271613,94,98,85,23.47229488112415,High ADR & Low Occupancy,323.492,1,1,1,1,1,1
187,201,7427441.0,-1,7427441,900040280.0,Myrtle Hotel - Al Sahafa,Riyadh,,"13321 Riyadh, Saudi Arabia",4.0,7.5,Good,2147,1614.21,551.9792,607.5904,223.27,40.44863296542184,50.0,2022,,,https://www.booking.com/hotel/sa/myrtle-al-sahafa.en-gb.html,,0.1872909698996655,0.4166666666666667,0.1133333333333333,0.02907201292089463,0.03050229085355507,0.01829780090649656,350,342,384,32.04140392047543,Low ADR & Low Occupancy,8606.431000000002,1,1,0,0,1,1
188,202,10863691.0,-1,10863691,900040280.0,Ross Hotel,Riyadh,Al Urubah Road,"Al Urubah Road, 12382 Riyadh, Saudi Arabia",4.0,8.6,Fabulous,367,1399.53,480.690088791209,416.3904,190.39,39.60749967911379,92.0,1999,,,https://www.booking.com/hotel/sa/ross-riyadh.en-gb.html,,0.1528117359413203,0.3887530562347188,0.07946210268948656,0.05059513359783716,0.0523502460546411,0.03474903474903475,245,231,292,34.7404144745941,Low ADR & Low Occupancy,3709.551,1,1,1,1,1,1
190,204,1971396.0,12020203,1971396,900040280.0,Courtyard by Marriott Riyadh Olaya,"Al Olaya, Riyadh","2759 Olaya District, Moussa Bin Nussair Street","2759 Olaya District, Moussa Bin Nussair Street, Al Olaya, 11333 Riyadh, Saudi Arabia",4.0,8.3,Very good,1142,3798.74,813.2181818181821,706.0672,440.23,54.13387047515589,230.0,2016,Upscale,,https://www.booking.com/hotel/sa/courtyard-by-marriott-riyadh-olaya.en-gb.html,Marriott International,0.1961894953656025,0.3285420944558521,0.09188911704312115,0.1975703100312489,0.1869591040217207,0.2048010743662917,45,45,42,15.60685367871539,High ADR & Low Occupancy,210.779,1,1,1,1,1,1
197,211,5618523.0,-1,5618523,900040280.0,Badeel Alawal,Riyadh,Almorooj Street 2461,"Almorooj Street 2461, 14715 Riyadh, Saudi Arabia",4.0,7.1,Good,11,449.85,153.4122666666667,142.8288,122.73,80.0,16.0,2018,,,https://www.booking.com/hotel/sa/bdyl-l-wl.en-gb.html,,0.1479591836734694,0.1683673469387755,0.0119047619047619,0.04490713106983603,0.04288986933650094,0.04498908846734934,264,267,237,22.92636434415406,Low ADR & High Occupancy,14460.809,0,1,0,0,0,0
199,213,79962.0,11703992,79962,900040280.0,"InterContinental Riyadh, an IHG Hotel",Riyadh,"King Saud Road, 11481 ","King Saud Road, 11481 , 11481 Riyadh, Saudi Arabia",5.0,7.6,Good,1260,2526.36,1130.497648484849,731.7536,949.14,83.95758398151614,274.0,1975,Luxury,,https://www.booking.com/hotel/sa/intercontinental-riyadh.en-gb.html,IHG Hotels & Resorts,0.2189159402865444,0.2547961630695444,0.04756195043964828,0.8831852814156806,0.8143984388257255,1.0,2,3,1,11.35153965236081,High ADR & High Occupancy,870.5720000000001,1,1,1,1,1,1
200,214,11541709.0,-1,11541709,900040280.0,Narcissus The Royal Hotel,"Al Olaya, Riyadh",Olaya Street,"Olaya Street, Al Olaya, Riyadh, Saudi Arabia",5.0,9.4,Superb,703,4118.63,1857.928685714286,1770.784,1182.33,63.63693846945145,173.0,2013,,,https://www.booking.com/hotel/sa/nrsys-dh-rwyl-lryd.en-gb.html,Boudl Hotels and Resorts,0.1918876755070203,0.2959501557632398,0.06542056074766356,0.05561602471823321,0.0548107924656372,0.04901796206144032,217,220,211,27.03919483440487,High ADR & High Occupancy,939.331,0,0,1,0,1,0
202,216,2570643.0,11667912,2570643,900040280.0,"Crowne Plaza Riyadh - RDC Hotel & Convention, an IHG Hotel",Riyadh,Imam Saud Ibn Abdul Aziz Road,"Imam Saud Ibn Abdul Aziz Road, 12363 Riyadh, Saudi Arabia",5.0,9.0,Superb,1880,3518.21,2658.803666946387,1219.5776,1780.67,66.97245954438614,326.0,2017,Upscale,,https://www.booking.com/hotel/sa/crowne-plaza-riyadh-rdc-convention.en-gb.html,IHG Hotels & Resorts,0.1843841642228739,0.3548032936870997,0.3998170173833486,0.4701028756012781,0.4588494824367894,0.4319288232331711,8,8,10,14.80860124986344,High ADR & High Occupancy,4135.24,1,1,1,1,1,1
203,217,4569948.0,11623554,4569947,,Riyadh Diplomatic Quarter - Marriott Executive Apartments,"Diplomatic Quarter, Riyadh",6781 Abdullah AlSahmi Street,"6781 Abdullah AlSahmi Street, 12511 Riyadh, Saudi Arabia",5.0,8.4,Very good,185,3348.89,1320.749953939394,1390.3056,578.49,43.80041219623997,140.0,2019,Upper Upscale,,https://www.booking.com/hotel/sa/riyadh-diplomatic-quarter-marriott-executive-apartments.en-gb.html,Marriott International,0.1642786561264822,0.5108534780463738,0.1026147015293537,0.05456269091675152,0.05436684814778917,0.0457385689877982,222,224,233,21.3116606691192,High ADR & Low Occupancy,9946.085,1,1,1,1,1,1
204,218,4569947.0,11678227,4569947,900040280.0,Marriott Riyadh Diplomatic Quarter,"Diplomatic Quarter, Riyadh",6781 Abdullah AlSahmi Street,"6781 Abdullah AlSahmi Street, 12511 Riyadh, Saudi Arabia",5.0,8.2,Very good,241,2149.28,1491.551327272728,1339.9296,1254.17,84.08472735333234,80.0,2019,Upper Upscale,,https://www.booking.com/hotel/sa/marriott-riyadh-diplomatic-quarter.en-gb.html,Marriott International,0.1642786561264822,0.5108534780463738,0.1026147015293537,0.2608405603735824,0.2599043210359882,0.2186562606244227,30,29,37,21.3116606691192,High ADR & High Occupancy,9946.085,1,1,1,1,1,1
206,220,6384526.0,11764805,6384526,900040280.0,"Park Inn by Radisson, Riyadh",Riyadh,Al Ihsa Street,"Al Ihsa Street, Riyadh, Saudi Arabia",4.0,8.3,Very good,4361,1876.08,694.170661978022,596.9536,355.37,51.19295418641934,192.0,2020,Upper Midscale,,https://www.booking.com/hotel/sa/park-inn-by-radisson-riyadh.en-gb.html,Radisson Hotel Group,0.3059163059163059,0.2015838732901368,0.02591792656587473,0.1392858396825954,0.1209910062786357,0.1871747523921437,72,86,46,35.83029696417051,Low ADR & Low Occupancy,5500.756000000001,1,1,1,1,1,1
207,221,6894221.0,11734271,6894221,900040280.0,Hilton Garden Inn Riyadh Financial District,Riyadh,3606 Northern Ring Road,"3606 Northern Ring Road, 13311-6488 Riyadh, Saudi Arabia",4.0,7.9,Good,1944,2649.62,846.0763505454546,767.2508,371.53,43.91195978110203,262.0,2021,Upscale,,https://www.booking.com/hotel/sa/hilton-garden-inn-riyadh-financial-district.en-gb.html,Hilton Worldwide,0.1795698924731183,0.370702005730659,0.1042263610315186,0.1034373793055019,0.1053762236530224,0.07756784556839942,102,100,143,32.70270505113189,High ADR & Low Occupancy,4891.482,1,1,1,1,1,1
208,222,7165949.0,11685824,6894221,900040280.0,DoubleTree Suites by Hilton - Riyadh Financial District,Riyadh,"3606 Northern Ring Road, Unit 3369","3606 Northern Ring Road, Unit 3369, 13311 Riyadh, Saudi Arabia",5.0,8.5,Very good,1685,3589.81,1191.865626363636,1113.7108,858.65,72.04286106887332,70.0,2022,Upscale,,https://www.booking.com/hotel/sa/doubletree-by-hilton-riyadh-financial-district-suites.en-gb.html,Hilton Worldwide,0.1795698924731183,0.370702005730659,0.1042263610315186,0.1170604964713318,0.1192546943853282,0.08778384152241808,90,88,125,32.70270505113188,High ADR & High Occupancy,4891.482,1,1,1,1,1,1
217,231,7655590.0,12346151,7655590,900040280.0,Radisson Hotel Riyadh Airport,Riyadh,"Muhammad Ibn Fajr , Road 5333","Muhammad Ibn Fajr , Road 5333, Riyadh, Saudi Arabia",4.0,8.5,Very good,4280,2519.16,2470.25132991453,1965.4464,956.92,38.73777031664364,471.0,2021,Upscale,,https://www.booking.com/hotel/sa/radisson-riyadh-airport.en-gb.html,Radisson Hotel Group,0.3102493074792244,0.2038567493112948,0.05234159779614325,0.07527825567922475,0.0748769726794502,0.06362262884002014,161,151,163,52.64898026672452,High ADR & Low Occupancy,8584.634,1,1,1,1,1,1
218,232,3947892.0,11630641,3947892,900040280.0,Shaza Riyadh,Riyadh,"7025 Eastern Ring Branch Road Al Jazirah, Riyadh","7025 Eastern Ring Branch Road Al Jazirah, Riyadh, 13213 Riyadh, Saudi Arabia",5.0,8.3,Very good,3395,1899.37,1217.676068,741.2323,787.15,64.64368805995711,205.0,2019,Luxury,,https://www.booking.com/hotel/sa/shaza-riyadh.en-gb.html,Shaza Hotels,0.2006534168254833,0.3120413155748845,0.02690948627344387,0.2739370106386714,0.272272187340913,0.2323317105925801,27,25,32,10.61628104132242,High ADR & High Occupancy,11682.938,1,1,1,1,1,1
222,236,10749096.0,-1,10749096,900040280.0,بريفير للأجنحة الفندقية Privere Hotel Suites,"Al Rawabi, Riyadh",طريق الأمير سعد بن عبدالرحمن الأول,"طريق الأمير سعد بن عبدالرحمن الأول, Al Rawabi, 14215 Riyadh, Saudi Arabia",4.0,8.7,Fabulous,131,809.73,345.4674086956522,318.7616,122.79,35.54278903684479,70.0,2018,,,https://www.booking.com/hotel/sa/bryfyr-ll-jnh-lfndqy-privere-suites.en-gb.html,,0.1257253384912959,0.472972972972973,0.04633204633204633,0.02784312348583266,0.02965382657390124,0.01577975491018969,357,348,400,23.29514719545367,Low ADR & Low Occupancy,11384.76299999999,0,0,0,0,0,0
223,237,393580.0,11692542,393580,900040280.0,Al Mashreq Boutique Hotel,Riyadh,"Ourouba,Near King Khaled Mosque","Ourouba,Near King Khaled Mosque, 33940 Riyadh, Saudi Arabia",5.0,7.7,Good,1304,1899.37,762.9037090909093,433.2704,622.67,81.6185319393827,71.0,2012,Upper Upscale,,https://www.booking.com/hotel/sa/al-mashreq-boutique.en-gb.html,,0.1583839828387558,0.4844698322027847,0.1192431274544805,0.1802605245602331,0.185813677244188,0.1265737787476918,55,47,72,21.64234846889005,Low ADR & High Occupancy,2027.573,1,1,1,1,1,1
227,241,2131770.0,-1,2131770,900040280.0,Nelover Qurtubah Hotel,Riyadh,Al Bayt Al Atiq Street - Qurtubah District,"Al Bayt Al Atiq Street - Qurtubah District, 31991 Riyadh, Saudi Arabia",4.0,8.4,Very good,1018,1859.38,704.4939076923079,653.1136,497.99,70.68734516150901,36.0,2015,,,https://www.booking.com/hotel/sa/nelover.en-gb.html,,0.1742671009771987,0.3419773095623987,0.08427876823338736,0.06169024964011095,0.05731376209061599,0.0681551116333725,194,211,153,24.7892092376493,High ADR & High Occupancy,5260.908000000003,1,1,1,1,1,1
229,243,6522794.0,11668921,6522794,900040280.0,Le Meridien Riyadh,"Al Worood, Riyadh","King Abdullah Ibn Abdulaziz Road Al Woroud District, P.O. Box 55565","King Abdullah Ibn Abdulaziz Road Al Woroud District, P.O. Box 55565, Al Worood, 11544 Riyadh, Saudi Arabia",5.0,8.3,Very good,970,3948.69,1299.255235757576,1173.0432,927.38,71.37759086707057,207.0,2020,Upper Upscale,,https://www.booking.com/hotel/sa/le-meridien-riyadh.en-gb.html,Marriott International,0.1634972677595628,0.5037134119702926,0.1308431629532547,0.3399108177381412,0.3541914135414899,0.2236024844720496,17,16,35,26.38571730593483,High ADR & High Occupancy,564.691,1,1,1,0,1,1
236,251,12638904.0,-1,12638904,900040280.0,DAMAC Towers Olaya by SELSAL,"Al Olaya, Riyadh",King Fahd Road,"King Fahd Road, Al Olaya, 12333 Riyadh, Saudi Arabia",4.0,9.0,Superb,2,1074.04,614.3408939779328,630.6456,536.68,87.35893626504235,70.0,2018,,,https://www.booking.com/hotel/sa/damac-towers-olaya-by-selsal.en-gb.html,Damac,0.1452584044154541,0.4803110107850514,0.2089290193127665,0.2425827744812331,0.2410911250636348,0.2058082927648145,34,32,41,27.71873595608044,Low ADR & High Occupancy,2178.026,1,1,0,0,0,1
241,259,296528.0,11713188,296528,900040280.0,Boudl Al Fayhaa,Riyadh,Haroun Al-Rasheed Street (Exit 15),"Haroun Al-Rasheed Street (Exit 15), Riyadh, Saudi Arabia",4.0,9.4,Superb,7,1079.64,396.0298666666668,386.384,310.01,78.28070481944293,145.0,2004,Upscale,,https://www.booking.com/hotel/sa/boudl-al-fayha-a.en-gb.html,Boudl Hotels and Resorts,0.1857529305680793,0.2537537537537538,0.01531531531531531,0.2835574593588708,0.2776175123027321,0.2571764310894746,24,24,24,20.68025167358584,Low ADR & High Occupancy,13859.028,0,1,0,0,0,1
243,261,6125222.0,-1,6125222,900040280.0,Al Rahden Hotel,Riyadh,"Riyadh Dammam Branch Road - Al Yarmouk, Riyadh","Riyadh Dammam Branch Road - Al Yarmouk, Riyadh, 11623 Riyadh, Saudi Arabia",4.0,8.3,Very good,1483,1119.25,588.0297142857145,395.3472,475.9,80.9319915754149,51.0,2021,,,https://www.booking.com/hotel/sa/al-rahden.en-gb.html,,0.1588785046728972,0.4093457943925234,0.06018691588785047,0.1473965099540044,0.1514084507042254,0.1055900621118012,68,64,93,21.25344741979655,Low ADR & High Occupancy,13640.351,1,1,1,0,1,1
244,262,1097668.0,12017847,1097668,900040280.0,DoubleTree by Hilton Hotel Riyadh - Al Muroj Business Gate,Riyadh,The Northern Ring Road - Exit 5. Next to the upcoming King Abdullah Financial District,"The Northern Ring Road - Exit 5. Next to the upcoming King Abdullah Financial District, 13313 Riyadh, Saudi Arabia",4.0,7.3,Good,1356,2770.15,862.0633421818183,693.2515,513.12,59.52261380790851,223.0,2015,Upscale,,https://www.booking.com/hotel/sa/doubletree-by-hilton-al-muroj.en-gb.html,Hilton Worldwide,0.1468775127311713,0.4444146798821323,0.09536565764800428,0.2461289982795548,0.2416850500593925,0.2204129595433943,32,31,36,23.68739047518728,High ADR & High Occupancy,2653.201,1,1,1,1,1,0
247,265,3858408.0,11768933,3858408,900040280.0,IntercityHotel Riyadh Malaz,"Al Malaz, Riyadh","Jarir Street , Al Ihsa","Jarir Street , Al Ihsa, Al Malaz, 12831 Riyadh, Saudi Arabia",4.0,8.0,Very good,2171,2125.31,592.6732993939396,490.208,474.49,80.0585685434215,84.0,2018,Upper Midscale,,https://www.booking.com/hotel/sa/intercityhotel-riyadh-malaz.en-gb.html,H World International,0.1658573029510646,0.3145311916324244,0.03884945834889802,0.1749236332993926,0.1703292041405057,0.1623300318952493,58,58,53,21.26123222450568,Low ADR & High Occupancy,4962.289,1,1,1,1,1,1
251,269,1508055.0,11673908,1508055,900040280.0,"Voco - Riyadh, an IHG Hotel - فندق فوكو الرياض, احدى فنادق مجموعة إنتركونتيننتال",Riyadh,King Fahad Road,"King Fahad Road, null Riyadh, Saudi Arabia",5.0,9.1,Superb,1645,2479.18,1475.298118414919,758.6944,1086.22,73.62746185341369,438.0,2015,Upscale,,https://www.booking.com/hotel/sa/movenpick-riyadh.en-gb.html,IHG Hotels & Resorts,0.2244535519125683,0.2682727643936301,0.05131346127671157,0.7639830062146694,0.7085949431528933,0.8487493704885009,4,5,2,17.72352825728812,High ADR & High Occupancy,1166.806,1,1,1,1,1,1
255,273,860129.0,12017965,860129,900040280.0,"Crowne Plaza Riyadh Al Waha, an IHG Hotel",Riyadh,"8430 Uthman Ibn Affan Rd, Al Waha","8430 Uthman Ibn Affan Rd, Al Waha, 11564 Riyadh, Saudi Arabia",4.0,7.8,Good,1275,2198.27,864.1104601212124,644.4672,528.66,61.18024658162414,114.0,2013,Upscale,,https://www.booking.com/hotel/sa/crowne-plaza-al-waha.en-gb.html,IHG Hotels & Resorts,0.181500872600349,0.3102847181871005,0.05403834979662987,0.1344053930690636,0.1245121330391991,0.1499076716468021,75,81,60,15.98436836267775,High ADR & High Occupancy,6293.574000000001,1,1,1,1,1,1
256,274,2044421.0,11713535,2044421,900040280.0,"InterContinental Durrat Al Riyadh Resort & Spa, an IHG Hotel",Riyadh,Durrat Arriyadh Area,"Durrat Arriyadh Area, 11566 Riyadh, Saudi Arabia",5.0,8.4,Very good,657,1907.37,1624.234742857143,1604.416,841.56,51.81264591369527,162.0,2014,Luxury,,https://www.booking.com/hotel/sa/intercontinental-hotels-durrat-al-riyadh-an-ihg-hotel.en-gb.html,IHG Hotels & Resorts,0.2511278195488722,0.3052631578947368,0.05714285714285714,0.1220813875917278,0.1226879348379433,0.09820379385596777,85,84,102,21.14360632260946,High ADR & Low Occupancy,33051.81,1,1,1,1,1,1
260,279,542867.0,12018105,542867,900040280.0,Four Points By Sheraton Riyadh Khaldia,Riyadh,Riyadh-Prince Faisal Bin Turkey Street (Al Khazzan),"Riyadh-Prince Faisal Bin Turkey Street (Al Khazzan), 11564 Riyadh, Saudi Arabia",4.0,7.3,Good,614,1741.92,687.2646303030305,612.4352,535.91,77.9770427391953,316.0,2011,Upscale,,https://www.booking.com/hotel/sa/four-points-by-sheraton-riyadh-khaldia.en-gb.html,Marriott International,0.199181446111869,0.1753138708213584,0.03191650279836636,0.6136020504898002,0.5407687086373664,0.7938559677690112,7,7,4,13.15653448310702,Low ADR & High Occupancy,4531.48,1,1,1,1,1,1
269,288,2285248.0,15646688,2285248,900040280.0,Boudl Al Sahafa,Riyadh,King Abdul Aziz Road Al Sahafa Neighborhood ,"King Abdul Aziz Road Al Sahafa Neighborhood , 11351 Riyadh, Saudi Arabia",4.0,8.2,Very good,738,2279.24,506.4020363636365,433.2736,415.88,82.12532387567114,45.0,2017,Upscale,,https://www.booking.com/hotel/sa/braira-al-sahafa.en-gb.html,Boudl Hotels and Resorts,0.1609128145114102,0.4693161893629457,0.07188778492109878,0.120922720410098,0.1236212455455625,0.08897095853617593,86,82,121,24.66886497055696,Low ADR & High Occupancy,6936.358000000001,1,1,1,1,1,1
274,293,8036048.0,13817807,8036048,900040280.0,Jareed Hotel Riyadh,Riyadh,Prince Turki Ibn Abdulaziz Al Awwal Road Boulevard Riyadh,"Prince Turki Ibn Abdulaziz Al Awwal Road Boulevard Riyadh, 11321 Riyadh, Saudi Arabia",5.0,9.0,Superb,1531,7996.24,3315.712075420876,2274.432,3149.93,95.0,58.0,2021,Luxury,,https://www.booking.com/hotel/sa/jareed-riyadh.en-gb.html,,0.1605154311167674,0.9979322411324957,0.1091140448544616,0.3743548330465925,0.3752757508908875,0.3048514352862178,15,13,19,33.73316729935839,High ADR & High Occupancy,5507.199000000001,1,1,1,1,1,1
276,295,7213897.0,11747643,7213897,900040280.0,Fairmont Ramla Serviced Residences,Riyadh,King Fahad Road Al Sahafah District Additional number 2172,"King Fahad Road Al Sahafah District Additional number 2172, 13321 Riyadh, Saudi Arabia",5.0,8.6,Fabulous,551,4498.5,2072.313025974026,1816.722,796.3,38.42585988805553,249.0,2023,Luxury,,https://www.booking.com/hotel/sa/fairmont-ramla-riyadh.en-gb.html,Accor,0.1924778761061947,0.6061946902654868,0.1261061946902655,0.03626979389768618,0.03907178007805871,0.01880141010575793,310,293,380,35.45482491949467,High ADR & Low Occupancy,8850.154000000002,1,1,1,0,1,1
283,302,4509737.0,-1,4509737,900040280.0,Braira Al Nakheel,Riyadh,Al Imam Saud Ibn Abdulaziz Branch Road In front of Al Nakheel Mall,"Al Imam Saud Ibn Abdulaziz Branch Road In front of Al Nakheel Mall, 12363 Riyadh, Saudi Arabia",4.0,9.0,Superb,3480,2529.16,864.8634666666668,881.1392,647.46,74.86214751799706,101.0,2017,,,https://www.booking.com/hotel/sa/braira-al-nakheel.en-gb.html,Boudl Hotels and Resorts,0.194006309148265,0.4160756501182032,0.05003940110323089,0.1888627506056669,0.1946377057525878,0.1327849588719154,48,42,68,14.73080903380518,High ADR & High Occupancy,2502.757,1,1,0,0,1,1
286,305,11105300.0,-1,11105300,900040280.0,Msharef Almoden hotel فندق مشارف المدن,Riyadh,6956 طريق الملك فهد الفرعي,"6956 طريق الملك فهد الفرعي, 13521 Riyadh, Saudi Arabia",4.0,8.9,Fabulous,593,1727.43,637.3697185185187,545.92,319.61,50.14510985101459,30.0,2022,,,https://www.booking.com/hotel/sa/fndq-mshrf-lmdn.en-gb.html,,0.1299435028248588,0.519774011299435,0.08286252354048966,0.02833467925985745,0.02990836585779739,0.01712271277488668,356,344,389,18.73052862365808,Low ADR & Low Occupancy,6674.885,1,1,1,0,1,1
290,309,8398476.0,-1,8398476,900040280.0,Rio Hotel Olaya,"Al Olaya, Riyadh", شارع 40 من شارع العليا ," شارع 40 من شارع العليا , Al Olaya, 12212 Riyadh, Saudi Arabia",4.0,8.1,Very good,1029,2627.13,575.35424,561.8144,244.89,42.5631164986079,54.0,2017,,,https://www.booking.com/hotel/sa/fndq-ryw-lryd.en-gb.html,,0.1804878048780488,0.4471544715447154,0.1739837398373984,0.03567290474351322,0.03737485151875106,0.02266241396676179,314,301,356,29.47938337832268,Low ADR & Low Occupancy,2677.49,1,1,1,1,1,1
291,310,4172657.0,11669902,4172657,900040280.0,Hilton Riyadh Hotel & Residences,Riyadh,6623 Al Shohadaa – Eastern Ring Road,"6623 Al Shohadaa – Eastern Ring Road, 11622 Riyadh, Saudi Arabia",5.0,8.5,Very good,5729,4700.94,2226.314731373738,1567.1654,1268.66,56.98467374142581,866.0,2018,Upper Upscale,,https://www.booking.com/hotel/sa/hilton-riyadh-residences.en-gb.html,Hilton Worldwide,0.1929809207071591,0.4887625710537822,0.1962396152164408,0.856009269337453,0.8340828101136942,0.79217727043814,3,2,5,16.89503666300613,High ADR & High Occupancy,5263.721999999999,1,1,1,1,1,1
294,313,7905300.0,11675678,7905300,900040280.0,"Mansard Riyadh, a Radisson Collection Hotel",Riyadh,"4304 Prince Mohammed Bin Salman Road, Al Rabea District","4304 Prince Mohammed Bin Salman Road, Al Rabea District, Riyadh, Saudi Arabia",5.0,9.0,Superb,1505,6122.96,4442.348960692641,3180.5312,2032.6,45.75517245652868,191.0,2022,Upper Upscale,,https://www.booking.com/hotel/sa/mansard-riyadh-a-radisson-collection.en-gb.html,Radisson Hotel Group,0.1804995970991136,0.494770716009654,0.09493161705551084,0.0913942628418946,0.09413711182759206,0.06446197750545576,125,115,160,21.81417351280069,High ADR & Low Occupancy,6126.945000000002,1,1,1,1,1,1
296,315,246503.0,12019860,246503,900040280.0,Riyadh Airport Marriott Hotel,Riyadh,Next To King Khalid International Airport,"Next To King Khalid International Airport, 13443 Riyadh, Saudi Arabia",4.0,8.3,Very good,1942,3398.87,1006.733032727273,1090.2016,475.81,47.26275723594026,339.0,1980,Upper Upscale,,https://www.booking.com/hotel/sa/marriott-airport-riyadh.en-gb.html,Marriott International,0.1867852604828462,0.3026204564666103,0.0760777683854607,0.1854218601874934,0.1699898184286442,0.2138660399529965,49,60,39,19.83566681828448,High ADR & Low Occupancy,495.018,0,1,1,1,1,1
297,316,2141678.0,15646653,2141678,900040280.0,Boudl Al Munsiyah,Riyadh,Al Thamama District,"Al Thamama District, 11372 Riyadh, Saudi Arabia",4.0,8.0,Very good,3821,1985.34,512.7045446808512,470.0416,314.55,61.35021286806514,164.0,2016,Upscale,,https://www.booking.com/hotel/sa/boudl-al-moanthiya.en-gb.html,Boudl Hotels and Resorts,0.2406191369606004,0.288659793814433,0.02202436738519213,0.1946209753871002,0.1837773629730189,0.2032902467685076,46,49,43,13.61362280160739,Low ADR & High Occupancy,8381.539,1,1,1,0,0,1
300,319,2017872.0,11630496,2017872,900040280.0,Swiss International Royal Hotel Riyadh,Riyadh,King Fahed Street,"King Fahed Street, 11415 Riyadh, Saudi Arabia",4.0,7.5,Good,1535,1789.4,743.4794628571431,725.3088,402.1,54.0834469637103,60.0,2016,Upscale,,https://www.booking.com/hotel/sa/swiss-international-royal-riyadh.en-gb.html,Swiss International Hotels & Resorts,0.1302774427020507,0.3831325301204819,0.07228915662650602,0.05140268951230645,0.05010181571355846,0.0475071344636562,240,243,221,33.97286599495532,High ADR & Low Occupancy,9183.210000000006,1,1,1,1,1,1
306,326,1481374.0,11769555,1481374,900040280.0,Grand Plaza Hotel - Dhabab Riyadh,Riyadh,"Olaya Street Extension, Crossroad Olaya Street with Prince Faisal Ibn Turky","Olaya Street Extension, Crossroad Olaya Street with Prince Faisal Ibn Turky, 12612 Riyadh, Saudi Arabia",4.0,8.3,Very good,1359,1124.77,612.2304,605.2592,322.54,52.68226309419482,114.0,2015,Midscale,,https://www.booking.com/hotel/sa/grand-plaza-al-dhabab.en-gb.html,EWAA Hotels,0.1705364291433147,0.2730184147317854,0.03362690152121697,0.09041115129384501,0.07284065840828102,0.1440322309887527,127,158,63,34.39076830709244,Low ADR & Low Occupancy,1342.047,1,1,1,1,1,1
308,328,10318967.0,-1,10318967,900040280.0,Tura Hotel,"Al Olaya, Riyadh",Baljurshi 34 شارع بلجرشي تقاطع شارع وادي الطيري,"Baljurshi 34 شارع بلجرشي تقاطع شارع وادي الطيري, Al Olaya, 12222 Riyadh, Saudi Arabia",4.0,7.7,Good,257,1616.01,858.1938900584797,889.744,274.85,32.02652762205653,38.0,2020,,,https://www.booking.com/hotel/sa/tura-hotel-fndq-try.en-gb.html,,0.1090047393364929,0.3981042654028436,0.06635071090047392,0.01011200449422422,0.01022399456982861,0.007889877455094845,438,438,427,28.46678026335824,High ADR & Low Occupancy,2215.053,1,1,1,0,1,1
313,333,4597412.0,11636076,4597412,900040280.0,"Radisson Blu Hotel & Residence, Riyadh Diplomatic Quarter","Diplomatic Quarter, Riyadh","Arm Aldamri Street, Lot No. C-8","Arm Aldamri Street, Lot No. C-8, Riyadh, Saudi Arabia",4.0,8.9,Fabulous,553,5598.14,1936.704543030304,1481.8016,1026.2,52.98696478754805,110.0,2019,Upper Upscale,,https://www.booking.com/hotel/sa/radisson-blu-residence-riyadh-diplomatic-quarters.en-gb.html,Radisson Hotel Group,0.1486697965571205,0.4112587959343237,0.09304143862392494,0.08876092833819037,0.08382827082979806,0.09266409266409266,132,136,115,22.23857836829834,High ADR & Low Occupancy,7700.617000000001,1,1,1,1,1,1
315,335,5849745.0,-1,5849745,900040280.0,Randan,Riyadh,"Exit 33, Dhalam, Laban ","Exit 33, Dhalam, Laban , 64532 Riyadh, Saudi Arabia",4.0,7.7,Good,262,899.7,313.9885714285714,349.1456,219.46,69.89285089702756,24.0,2020,,,https://www.booking.com/hotel/sa/rndn-randan.en-gb.html,,0.1358839050131926,0.3350923482849604,0.03825857519788918,0.04041290685018082,0.04085355506533175,0.03155950982037938,288,282,311,28.64976367135949,Low ADR & High Occupancy,16687.151,0,0,0,0,0,0
319,340,7886346.0,11658899,7886346,900040280.0,Movenpick Hotel and Residences Riyadh,Riyadh,3478 North Ring Road Exit 4 Al Ghadeer District,"3478 North Ring Road Exit 4 Al Ghadeer District, 13311 Riyadh, Saudi Arabia",5.0,8.7,Fabulous,3123,4798.4,1622.510146666667,1382.1425,791.39,48.77556008329742,359.0,2021,Upscale,,https://www.booking.com/hotel/sa/moven-and-residences-riyadh.en-gb.html,Accor,0.219368274904547,0.4197573656845754,0.1150779896013865,0.2210245426775745,0.228152044798914,0.1539365452408931,40,39,57,44.15234853500782,High ADR & Low Occupancy,3926.01,1,1,1,1,1,1
320,341,11059184.0,-1,11059184,900040280.0,فندق باليت كريدي الفاخر Palette Luxury Credi Hotel,Riyadh,حي التعاون,"حي التعاون, 11990 Riyadh, Saudi Arabia",4.0,7.3,Good,268,888.66,1486.184655238096,2150.9824,1033.24,69.5227183976581,55.0,2015,,,https://www.booking.com/hotel/sa/fndq-krydy.en-gb.html,Mira Hotels Group,0.1547861507128309,0.4531886024423338,0.06919945725915876,0.09185070748920333,0.09384014932971323,0.06781937216719826,123,117,154,25.70766844740139,High ADR & High Occupancy,2506.155,1,1,0,1,0,1
324,346,6767382.0,-1,6767382,900040280.0,Admire Apart' Hotel,Riyadh,"Prince Sultan Bin Abdulaziz Rd, Al Mathar Ash Shamali","Prince Sultan Bin Abdulaziz Rd, Al Mathar Ash Shamali, 11456 Riyadh, Saudi Arabia",4.0,6.8,Average,344,659.78,433.9322666666667,386.048,238.02,54.85268373550933,50.0,2016,,,https://www.booking.com/hotel/sa/admire-apart-39.en-gb.html,,0.2958257713248639,0.3014440433212997,0.03610108303249097,0.05603735823882589,0.05943492278975056,0.03273459795198926,214,204,301,28.76300852084909,Low ADR & Low Occupancy,1959.502,1,1,1,1,0,0
345,368,8536136.0,-1,8536136,900040280.0,Ahlin Suites 1 By Khaymat Alyarmouk,Riyadh,13252 Abi Jafar Al Mansour Street,"13252 Abi Jafar Al Mansour Street, 13241 Riyadh, Saudi Arabia",4.0,6.8,Average,669,591.88,414.6510803633823,448.8832,272.16,65.63636152978182,31.0,2013,,,https://www.booking.com/hotel/sa/ahlin-suites-1-by-khaymat-alyarmouk.en-gb.html,Ahlin Suites,0.2314814814814815,0.1146025878003697,0.0166358595194085,0.04725957655981181,0.04458679789580859,0.0495215712607017,253,259,210,19.21686951527312,Low ADR & High Occupancy,14577.047,1,1,0,0,0,0
347,371,418602.0,11750054,418602,900040280.0,Four Seasons Hotel Riyadh,"Al Olaya, Riyadh",Kingdom Center PO BOX 231000,"Kingdom Center PO BOX 231000, Al Olaya, 11564 Riyadh, Saudi Arabia",5.0,9.0,Superb,1097,10307.07,4322.035158260871,2260.5696,3555.36,82.26131717649376,276.0,2003,Luxury,,https://www.booking.com/hotel/sa/four-season-riyadh.en-gb.html,Four Seasons Hotels,0.1723592368543509,0.5739259810303143,0.9989771247907755,0.7526421122853832,0.7507636178516884,0.6276649320127581,5,4,7,20.77406143139967,High ADR & High Occupancy,421.927,1,1,1,0,1,1
355,380,881903.0,12018328,881903,900040280.0,JW Marriott Hotel Riyadh,Riyadh,"King Fahad Road , Sahafa District","King Fahad Road , Sahafa District, 13315 Riyadh, Saudi Arabia",5.0,7.8,Good,1452,4798.4,1720.910835555556,1602.6176,1102.68,64.07560501252824,349.0,2014,Luxury,,https://www.booking.com/hotel/sa/burj-rafal-riyadh-a-marriott-international-hotel.en-gb.html,Marriott International,0.1703035274815423,0.3658696364231903,0.0791025221094006,0.4573575366033496,0.4435347021890378,0.4315930837669968,9,9,11,16.58256486572291,High ADR & High Occupancy,6895.967000000001,1,1,1,1,1,1
358,384,822941.0,11751501,822941,900040280.0,Narcissus Riyadh Hotel & Spa,"Al Olaya, Riyadh","Olaya Street, corner of Tahlia Streets","Olaya Street, corner of Tahlia Streets, Al Olaya, 11351 Riyadh, Saudi Arabia",5.0,8.6,Fabulous,2798,3005.0,1642.172703030303,1260.4832,966.32,58.84390666809238,280.0,2013,Luxury,,https://www.booking.com/hotel/sa/narcissus-and-residence.en-gb.html,Boudl Hotels and Resorts,0.1667839549612949,0.4349660182798219,0.08132177173658307,0.3004108001825779,0.2934837943322586,0.2749706227967098,23,23,21,17.54699865014246,High ADR & High Occupancy,560.15,1,1,1,1,1,1
371,398,23198.0,11715579,23198,900040280.0,"Mandarin Oriental Al Faisaliah, Riyadh","Al Olaya, Riyadh","King Fahad Road, Olaya","King Fahad Road, Olaya, Al Olaya, 11564 Riyadh, Saudi Arabia",5.0,8.6,Fabulous,1522,5978.14,3613.613891269841,2599.4496,2227.05,61.62949352991409,325.0,2000,Luxury,,https://www.booking.com/hotel/sa/al-faisaliah.en-gb.html,Mandarin Oriental,0.1900043084877208,0.4302925989672978,0.3777969018932875,0.3898037288016573,0.3858815543865604,0.3367466845727715,13,11,16,12.21887348555349,High ADR & High Occupancy,1283.732,1,1,1,1,1,1
384,412,1318492.0,11673365,1318492,900040280.0,Vivienda Hotel Villas Granada,Riyadh,"Airport Road, Granada District","Airport Road, Granada District, 11372 Riyadh, Saudi Arabia",5.0,9.3,Superb,58,6697.77,2753.307482714715,3206.2912,2224.64,80.79888921727994,48.0,2013,Luxury,,https://www.booking.com/hotel/sa/vivienda-villas-granada.en-gb.html,Vivienda,0.1887550200803213,0.376102646351243,0.3881315156375301,0.110354271268565,0.110088240285084,0.09199261373174417,98,97,116,31.98380547437181,High ADR & High Occupancy,5184.422,1,1,1,1,1,1
401,430,7477918.0,12050929,7477918,900040280.0,Vivienda Hotel Hada 1,Riyadh,Prince Faisal Bin Fahd Bin Abdulaziz Road,"Prince Faisal Bin Fahd Bin Abdulaziz Road, 12726 Riyadh, Saudi Arabia",4.0,0.0,No Review Score,0,7997.34,5963.773177550389,3847.776,4909.46,82.32131422097433,24.0,2017,Luxury,,https://www.booking.com/hotel/sa/vivienda-hada-1.en-gb.html,Vivienda,0.1345249294449671,0.325187969924812,0.06109022556390977,0.06586847371932165,0.06388936025793314,0.06211180124223602,182,182,170,26.79813175566981,High ADR & High Occupancy,6471.728999999999,1,1,0,1,1,1
404,433,9566167.0,12661623,9566167,900040280.0,Vivienda Hada Residences,Riyadh,Al Hada,"Al Hada, Riyadh, Saudi Arabia",5.0,0.0,No Review Score,0,6106.15,1955.36,1955.36,1572.37,80.41317292396491,34.0,2017,Luxury,,https://www.booking.com/hotel/sa/vivienda-hada-residences.en-gb.html,Vivienda,0.1762402088772846,0.2883116883116883,0.05974025974025974,0.07433025525789122,0.07284065840828102,0.06714789323484975,164,159,156,29.52023587688506,High ADR & High Occupancy,6174.633000000001,0,1,0,0,0,1
405,434,345011.0,11684680,345011,900040280.0,Vivienda Hotel Villas,Riyadh,Prince Turki 1 Street,"Prince Turki 1 Street, 62413 Riyadh, Saudi Arabia",5.0,9.8,Exceptional,4,5998.0,3683.484444444445,3204.4992,3137.28,85.17157381409783,25.0,2012,Luxury,,https://www.booking.com/hotel/sa/vivienda.en-gb.html,Vivienda,0.1410788381742739,0.4320220841959973,0.08005521048999312,0.0894631508725115,0.08743424401832683,0.08175256001342958,131,127,136,25.53624630350675,High ADR & High Occupancy,4337.081000000001,1,1,0,1,1,1
424,453,279251.0,12017792,279251,900040280.0,"Crowne Plaza Hotel Riyadh Minhal, an IHG Hotel",Riyadh,"Old Airport Road , P.O. Box 17058","Old Airport Road , P.O. Box 17058, Riyadh, Saudi Arabia",4.0,8.6,Fabulous,982,3198.94,1543.861818181819,992.3808,832.55,53.92632079578631,310.0,1981,Upscale,,https://www.booking.com/hotel/sa/crowne-plaza-riyadh-minhal.en-gb.html,IHG Hotels & Resorts,0.2098901098901099,0.162654996353027,0.02407002188183808,0.2633685614971384,0.2309519769217716,0.3453080409602148,29,38,15,23.17066430437798,High ADR & Low Occupancy,3742.389000000001,1,1,0,1,1,1
428,458,183807.0,11724083,183807,900040280.0,Mena Andalusia Riyadh,"Al Olaya, Riyadh","Street 6, Riyadh 12211, Saudi Arabia","Street 6, Riyadh 12211, Saudi Arabia, Al Olaya, 99999* Riyadh, Saudi Arabia",4.0,6.3,Average,2188,948.97,240.0288,240.0928,148.1,61.70259234165825,110.0,1990,Upper Midscale,,https://www.booking.com/hotel/sa/golden-tulip-andalusia.en-gb.html,Al Hokair Group,0.1718213058419244,0.3299028016009148,0.0440251572327044,0.1322987254661002,0.1275241812319702,0.1279167366123888,77,79,71,15.77287383185674,Low ADR & High Occupancy,3706.687,0,1,0,0,1,0
436,467,5723245.0,-1,5723245,900040280.0,Gold Inn Hotel,Riyadh,"Najah Street 7925, Al Yarmuk District","Najah Street 7925, Al Yarmuk District, 35811 Riyadh, Saudi Arabia",4.0,7.9,Good,430,249.92,323.1858666666667,229.9872,184.07,56.95448449051958,31.0,2020,,,https://www.booking.com/hotel/sa/goldinn-qwld-n-riyadh.en-gb.html,,0.1832358674463938,0.3138401559454191,0.02923976608187134,0.03718268319230364,0.03724758187680299,0.03038442168876952,307,303,320,17.41608393422878,Low ADR & High Occupancy,14518.858,1,1,0,0,0,0
439,470,79497.0,11700594,79497,900040280.0,Sheraton Riyadh Hotel & Towers,"Al Worood, Riyadh",King Fahad Road,"King Fahad Road, Al Worood, 6170 Riyadh, Saudi Arabia",5.0,7.9,Good,981,1092.14,976.9364461123824,929.824,885.59,90.64929775786332,193.0,1991,Upper Upscale,,https://www.booking.com/hotel/sa/sheraton-riyadh-towers.en-gb.html,Marriott International,0.1523900232156676,0.4991075678248453,0.1085792479771537,1.0,1.0,0.8240725197246936,1,1,3,23.07795526340048,High ADR & High Occupancy,141.421,1,1,1,1,1,1
442,473,1789354.0,11738720,11738720,,Ascott Rafal Olaya Riyadh,Riyadh,"Al Sahafa, Olaya Street Riyadh","Al Sahafa, Olaya Street Riyadh, 13321 Riyadh, Saudi Arabia",4.0,8.0,No Review Score,3570,1119.05,1545.433107692308,1347.744,946.34,61.23485125993574,234.0,2017,Upper Upscale,,https://www.booking.com/hotel/sa/ascott-rafal-olaya-riyadh.en-gb.html,Ascott International Management (2001) Pte Ltd,0.1850207223208999,0.4284447072738025,0.09964518036664695,0.2764650117622274,0.2678601730867131,0.261876783615914,26,26,23,15.36727444648664,High ADR & High Occupancy,8687.957000000002,1,1,1,1,1,1
455,488,386315.0,11648418,11648418,900040280.0,Boudl Al Masif,Riyadh,"Infront of Carfour, Damam Road","Infront of Carfour, Damam Road, Riyadh, Saudi Arabia",4.0,8.0,Very good,418,590.0,481.2965212121213,449.552,388.2,80.65651818185094,41.0,2009,Upscale,,https://www.booking.com/hotel/sa/boudl-al-woroud.en-gb.html,Boudl Hotels and Resorts,0.1533783783783784,0.4642375168690958,0.08704453441295547,0.09255293002352445,0.09477346003733243,0.067483632701024,122,114,155,21.43590254597554,Low ADR & High Occupancy,2325.973000000001,1,1,0,0,0,1
